Member_number,Recency,Frequency,Monetary
1000,36,13,53.800000000000004
1001,243,12,100.0
1002,123,8,70.3
1003,324,8,60.65
1004,29,21,204.95999999999998
1005,707,4,24.0
1006,200,15,182.94
1008,89,12,155.9
1009,87,9,48.75
1010,153,12,89.36
1011,22,13,89.8
1012,42,11,75.86
1013,90,19,186.75
1014,89,10,75.1
1015,241,7,71.4
1016,87,11,104.7
1017,92,11,75.49
1018,222,8,94.60000000000001
1019,386,2,73.5
1020,79,10,73.84
1021,54,8,53.4
1022,572,6,117.5
1023,186,17,182.0
1024,143,4,58.199999999999996
1025,134,6,42.62
1026,217,17,117.35
1027,228,9,129.70000000000002
1028,173,13,107.60000000000001
1029,292,2,16.349999999999998
1031,77,7,64.60000000000001
1032,130,16,96.46
1033,199,12,91.3
1034,597,9,83.05
1035,114,14,69.89999999999999
1036,710,2,10.8
1037,15,10,58.44
1038,17,19,214.20000000000002
1039,214,2,2.7
1040,35,11,48.1
1041,273,10,113.75
1042,76,6,35.75
1043,355,8,94.69
1044,67,4,25.400000000000002
1045,36,9,103.30000000000001
1046,190,4,16.7
1047,144,6,51.60000000000001
1048,74,6,23.8
1049,117,8,62.300000000000004
1050,241,14,124.6
1051,51,20,207.35999999999999
1052,65,27,271.9
1053,175,12,80.7
1054,71,9,43.9
1055,220,6,75.69999999999999
1056,52,6,58.199999999999996
1057,571,8,32.15
1058,51,8,38.900000000000006
1059,565,5,16.8
1061,117,14,149.1
1062,104,16,129.32
1063,342,4,8.1
1064,159,7,59.1
1065,48,14,225.4
1066,567,6,19.92
1067,164,8,112.3
1068,183,4,20.700000000000003
1069,133,10,90.45
1070,421,4,66.39999999999999
1071,461,3,17.1
1072,69,4,50.7
1073,28,12,109.80000000000001
1074,76,10,71.96000000000001
1075,42,11,80.3
1076,78,13,87.9
1077,110,14,50.9
1078,64,7,50.0
1079,113,6,89.1
1080,231,5,17.8
1081,242,16,138.6
1082,597,5,65.8
1083,328,7,102.7
1084,622,2,7.6
1085,138,7,31.740000000000002
1086,3,14,94.4
1087,139,21,193.82
1088,31,9,58.75
1089,391,2,9.3
1090,71,12,219.2
1092,83,20,104.31
1093,278,2,3.65
1094,114,20,149.79
1095,62,8,57.760000000000005
1096,156,2,15.3
1097,60,17,106.48
1098,49,24,267.62
1099,140,6,39.7
1100,294,10,88.3
1101,368,7,52.0
1102,187,10,73.7
1103,404,10,87.1
1104,65,10,40.25
1105,223,6,34.8
1107,91,20,129.38
1108,154,12,94.06
1109,269,12,93.9
1110,41,18,155.9
1111,41,11,53.3
1112,266,4,26.36
1113,148,11,74.65
1114,174,16,121.12
1115,343,8,68.5
1116,32,24,157.4
1117,221,3,34.6
1118,6,18,173.4
1119,330,2,22.400000000000002
1120,96,17,144.39000000000001
1121,656,2,30.62
1122,10,6,33.0
1123,49,11,73.6
1124,495,4,15.9
1125,42,11,67.56
1126,228,9,124.20000000000002
1127,77,12,85.16
1128,179,10,67.25
1129,375,13,179.64
1130,104,11,94.95
1132,100,10,25.44
1133,150,13,148.94
1134,392,7,48.4
1135,174,10,43.370000000000005
1136,58,19,209.06
1137,96,6,17.6
1138,120,6,53.3
1139,346,9,72.8
1140,188,8,66.7
1141,381,9,80.8
1142,201,8,81.0
1143,250,12,54.5
1144,77,16,133.25
1145,85,6,34.6
1146,110,20,157.52
1147,410,6,49.2
1148,95,19,118.76
1149,19,7,34.6
1150,27,10,54.400000000000006
1151,105,5,68.80000000000001
1152,165,8,83.05
1153,23,17,101.5
1154,228,9,35.2
1155,4,8,89.3
1156,109,2,24.0
1157,453,7,136.9
1158,75,11,49.099999999999994
1159,200,6,25.45
1160,41,15,118.50999999999999
1161,292,7,78.3
1162,147,12,113.5
1163,17,9,54.1
1164,276,5,31.1
1165,2,9,136.2
1166,576,4,29.099999999999998
1167,318,4,23.5
1168,300,9,86.6
1169,381,21,284.8
1170,30,20,184.44
1171,240,10,75.30000000000001
1173,70,9,36.5
1174,323,11,59.900000000000006
1175,184,19,222.36
1176,136,14,96.65
1177,78,4,10.45
1178,46,11,114.24000000000001
1179,476,5,112.60000000000001
1180,494,4,9.9
1181,45,8,38.2
1182,32,16,199.82
1183,185,16,97.6
1184,198,5,43.5
1185,129,10,108.9
1186,249,9,51.83
1187,19,7,14.770000000000001
1188,356,8,69.7
1189,545,4,30.55
1190,65,17,161.10000000000002
1191,145,6,100.60000000000001
1192,356,5,28.400000000000002
1193,49,4,22.56
1194,232,9,73.2
1195,57,6,64.06
1196,34,8,34.42
1197,39,18,153.6
1198,334,7,167.9
1199,21,13,57.5
1200,96,8,26.05
1201,402,4,34.8
1202,162,10,61.599999999999994
1204,161,16,142.10000000000002
1205,292,10,69.1
1206,230,14,96.6
1207,47,8,62.06
1208,15,11,171.45999999999998
1209,415,9,121.28999999999999
1211,221,16,107.75
1212,153,8,68.4
1213,108,13,123.7
1214,355,6,58.9
1215,347,9,76.71000000000001
1216,128,14,183.20000000000002
1217,316,8,68.6
1218,2,21,198.7
1219,455,4,32.6
1220,2,17,186.05
1221,411,2,1.7
1222,98,4,16.8
1223,31,10,61.6
1224,467,4,83.30000000000001
1225,225,21,130.6
1226,49,10,84.55
1227,602,2,7.7
1228,311,3,16.6
1229,286,8,146.39999999999998
1230,42,14,67.65
1231,65,16,156.0
1232,183,7,33.0
1233,140,19,98.36
1234,41,10,74.44
1235,216,19,156.98
1236,234,5,40.599999999999994
1237,266,20,160.79999999999998
1238,305,2,27.0
1239,122,16,139.0
1240,261,13,61.14
1241,223,11,156.22
1242,17,17,125.11
1243,722,2,6.0
1244,401,8,39.02
1245,27,20,168.51
1246,367,8,57.400000000000006
1247,453,4,17.4
1248,16,16,166.65
1249,446,5,62.8
1250,449,2,1.3
1251,35,3,6.6
1252,262,10,104.9
1253,194,6,51.940000000000005
1254,256,5,115.0
1255,461,2,26.799999999999997
1256,124,12,99.65
1257,471,4,20.0
1258,509,6,50.900000000000006
1259,34,14,220.04000000000002
1260,453,4,48.74
1261,224,8,47.05
1262,527,6,46.6
1263,438,4,39.8
1264,24,17,145.0
1265,89,25,279.99
1266,491,2,10.8
1267,595,2,15.000000000000002
1268,438,9,57.8
1269,92,14,123.62
1270,250,6,67.06
1272,522,2,28.8
1273,241,4,24.6
1274,539,7,63.88
1275,74,24,152.56
1276,38,13,101.5
1277,30,15,108.21000000000001
1278,22,15,95.2
1279,112,17,112.9
1280,141,8,47.099999999999994
1281,212,9,91.9
1282,43,10,40.7
1283,48,17,145.20000000000002
1284,486,4,25.6
1285,163,14,107.4
1286,141,16,124.45
1287,125,17,180.92
1288,459,7,92.68
1289,53,11,125.9
1290,100,13,107.5
1291,286,12,55.0
1292,68,4,22.700000000000003
1293,66,11,93.46000000000001
1294,374,12,120.4
1295,161,8,62.35
1296,38,17,154.34
1297,383,9,108.15
1298,157,7,60.8
1299,211,8,23.1
1300,483,2,21.0
1301,58,7,54.0
1302,93,10,56.96
1303,114,14,82.0
1304,136,7,68.5
1305,221,12,114.3
1306,41,9,58.190000000000005
1307,192,12,66.7
1308,292,8,89.4
1309,274,11,88.35000000000001
1310,404,4,12.4
1311,185,8,79.5
1312,227,14,197.8
1313,6,2,17.3
1314,482,2,2.9000000000000004
1315,54,6,82.0
1316,280,6,49.6
1317,523,6,32.54
1318,96,5,51.300000000000004
1319,135,9,63.8
1320,346,10,90.72
1321,262,5,14.600000000000001
1322,73,15,140.64000000000001
1323,58,8,40.9
1324,4,14,179.2
1325,219,9,80.3
1326,52,11,103.8
1327,144,18,136.92000000000002
1328,282,10,88.82
1329,222,16,146.6
1330,59,11,118.4
1331,32,9,61.75
1332,29,15,64.1
1333,100,18,145.5
1334,207,5,27.0
1335,74,12,94.45
1336,271,9,192.85
1337,6,4,70.5
1338,507,5,25.1
1339,33,13,78.5
1340,43,14,82.7
1341,62,12,139.4
1342,315,13,132.05
1343,60,10,124.22000000000001
1344,118,6,26.5
1345,163,10,78.36
1346,237,7,59.699999999999996
1347,107,14,124.4
1348,105,6,58.0
1349,18,11,77.52000000000001
1350,484,6,19.2
1351,308,6,63.099999999999994
1352,668,2,24.4
1353,325,21,235.4
1354,30,13,74.95
1355,103,13,92.7
1356,114,10,131.44
1357,116,6,24.3
1358,2,12,98.4
1359,581,4,46.4
1360,15,16,195.20000000000002
1361,114,17,100.9
1362,86,5,62.7
1363,78,13,96.6
1364,153,8,35.4
1365,59,12,62.5
1366,32,25,224.1
1367,148,5,70.9
1368,169,2,33.9
1369,395,8,23.6
1370,179,13,71.9
1371,234,6,90.3
1372,189,10,97.3
1373,165,14,153.4
1374,148,11,36.8
1375,81,2,7.2
1376,184,7,37.58
1377,292,11,92.9
1378,80,4,52.5
1379,171,28,217.85
1380,40,11,101.1
1381,283,15,104.75
1382,93,6,43.0
1383,311,6,41.0
1384,12,15,86.60000000000001
1385,35,15,164.70000000000002
1386,153,6,54.800000000000004
1387,579,6,47.46
1388,272,7,44.2
1389,316,8,36.3
1390,304,12,99.87
1391,132,13,97.4
1392,255,6,85.9
1393,492,7,44.15
1394,221,4,56.099999999999994
1395,80,23,174.64000000000001
1396,162,8,106.52
1397,10,2,11.8
1398,260,8,86.51
1399,386,9,80.1
1400,446,2,7.8
1401,216,4,13.600000000000001
1402,443,4,17.8
1403,229,10,68.4
1404,242,18,159.5
1405,306,6,45.199999999999996
1406,3,12,102.2
1407,155,23,261.55
1408,161,7,31.9
1409,156,6,37.06
1410,53,27,184.95000000000002
1411,314,4,70.32000000000001
1412,45,12,86.27
1413,382,7,63.8
1414,221,2,3.4000000000000004
1415,368,4,10.8
1416,131,14,137.70000000000002
1417,104,10,70.1
1418,394,7,38.7
1419,268,15,165.5
1420,23,11,82.35
1421,146,11,50.12
1422,88,19,152.4
1423,444,6,49.46
1424,83,6,79.3
1425,98,10,44.32
1426,176,10,74.04
1427,35,16,92.4
1428,347,13,107.14
1429,327,5,31.1
1430,14,16,203.6
1431,54,9,48.3
1432,149,11,96.10000000000001
1433,465,4,50.6
1434,398,8,49.5
1435,251,15,175.55
1436,305,2,13.49
1437,138,4,20.05
1438,33,17,188.94
1439,140,3,16.3
1440,25,12,102.6
1442,122,13,88.10000000000001
1443,83,11,93.4
1444,2,20,163.32000000000002
1445,608,6,25.8
1446,485,8,63.260000000000005
1447,574,3,30.0
1448,287,4,39.1
1449,89,9,54.45
1450,45,16,109.4
1451,338,6,54.56
1452,36,15,191.04
1453,405,4,34.8
1454,70,11,110.7
1455,288,2,20.4
1456,41,18,168.74
1457,356,12,139.4
1458,129,7,46.9
1459,166,4,32.660000000000004
1460,190,10,163.7
1461,10,8,77.3
1462,463,4,19.7
1463,7,6,35.1
1464,211,5,21.8
1465,52,17,190.96
1466,30,23,213.4
1467,133,5,73.0
1468,83,15,105.24
1469,490,2,9.5
1470,568,2,29.7
1471,497,4,16.8
1472,103,16,112.60000000000001
1473,90,10,93.9
1474,155,12,84.8
1475,14,10,106.93
1476,127,13,111.84
1477,41,17,172.9
1478,322,8,71.2
1479,230,14,95.29
1480,40,13,114.44
1481,210,4,23.8
1482,39,20,115.28
1483,187,20,173.62
1484,85,8,143.6
1485,172,4,51.9
1486,17,17,115.9
1487,424,7,34.900000000000006
1488,33,8,96.8
1489,191,13,60.7
1490,88,4,45.5
1491,1,11,108.4
1492,336,11,98.0
1493,91,15,113.7
1494,93,16,175.74
1495,356,9,62.5
1496,614,2,16.8
1497,82,9,123.41999999999999
1498,64,8,56.1
1499,52,10,48.5
1500,285,16,127.52000000000001
1501,136,10,122.6
1502,61,7,49.300000000000004
1503,136,9,94.5
1504,31,11,151.7
1505,65,8,100.56
1506,371,5,76.0
1507,192,16,130.6
1508,46,8,35.9
1509,1,18,148.4
1510,67,18,174.51
1511,284,4,40.42
1512,102,10,59.21
1513,49,10,115.80000000000001
1514,129,10,63.54
1515,33,13,93.1
1516,337,4,70.72
1517,152,10,56.7
1518,20,7,66.45
1519,429,2,13.399999999999999
1520,308,6,81.5
1521,370,6,86.8
1522,372,19,216.19
1523,278,10,124.75
1524,26,10,59.099999999999994
1525,432,5,61.099999999999994
1526,35,11,84.49
1527,1,14,65.9
1528,107,8,85.5
1529,197,7,49.7
1530,446,5,40.900000000000006
1531,346,4,27.7
1532,194,6,93.30000000000001
1533,54,6,60.14
1534,140,18,153.31
1535,181,8,114.36000000000001
1536,243,8,60.400000000000006
1537,333,5,16.0
1538,31,6,45.55
1539,95,5,37.6
1540,35,12,130.9
1542,146,13,136.20000000000002
1544,309,9,74.16
1545,75,7,36.8
1546,362,9,51.8
1547,257,7,57.50000000000001
1548,456,6,45.1
1549,288,9,120.85
1550,231,7,67.95
1551,142,13,92.7
1552,721,2,80.1
1553,163,14,95.7
1554,224,15,183.5
1555,279,2,37.199999999999996
1556,579,2,20.9
1557,149,4,108.6
1558,269,2,15.4
1559,89,7,103.0
1560,594,2,1.9
1561,159,20,136.15
1562,234,6,66.9
1563,613,5,35.0
1564,69,8,83.0
1565,17,19,234.79
1566,42,21,145.76
1567,264,17,192.07999999999998
1568,662,4,48.900000000000006
1569,590,8,46.400000000000006
1570,286,5,41.0
1571,221,8,34.5
1572,101,20,182.1
1573,344,6,36.9
1574,149,23,205.7
1575,361,10,38.620000000000005
1577,290,2,32.1
1578,191,8,57.2
1579,564,2,11.5
1580,26,16,53.35
1581,140,6,83.7
1582,147,6,95.06
1583,38,21,164.05
1584,174,16,141.95
1585,358,8,38.3
1586,608,6,25.9
1587,183,13,101.62
1588,79,8,109.54
1589,491,4,46.00000000000001
1590,138,6,43.7
1591,286,10,103.2
1592,398,2,4.3999999999999995
1593,145,7,32.6
1594,342,6,23.3
1595,87,22,176.9
1596,170,10,35.45
1597,329,8,58.199999999999996
1598,304,7,29.2
1599,79,14,79.44
1601,22,6,85.5
1602,124,14,148.0
1603,92,15,106.75
1604,50,8,48.0
1605,178,11,47.1
1606,50,8,128.0
1607,445,6,35.76
1608,48,18,170.12
1609,14,15,203.1
1610,219,6,25.7
1611,271,10,93.85
1612,55,16,102.3
1613,128,15,164.7
1614,71,4,85.42
1615,28,12,69.5
1616,23,13,132.0
1617,276,9,35.1
1618,151,16,192.72
1619,63,11,132.61
1620,133,11,160.10000000000002
1621,314,14,150.72
1622,295,10,72.96
1623,59,12,135.7
1624,9,9,151.0
1625,34,18,205.26
1626,316,2,4.1
1627,264,9,37.0
1628,42,15,118.4
1629,206,6,60.9
1630,223,4,16.5
1631,139,5,48.6
1632,16,14,117.04
1633,144,6,32.620000000000005
1634,28,19,107.3
1635,36,6,41.86
1636,26,12,119.60000000000001
1638,294,8,81.5
1639,82,7,114.8
1640,663,4,27.4
1641,191,12,94.7
1642,459,2,5.9
1643,247,4,12.0
1644,536,5,62.620000000000005
1645,452,5,34.2
1646,125,17,151.66
1647,11,7,82.88
1648,244,10,89.0
1649,32,18,178.7
1650,552,6,39.8
1651,14,16,220.35
1652,289,12,105.5
1653,24,18,201.0
1654,52,23,247.84
1655,41,9,109.1
1656,62,12,107.14
1657,598,6,38.9
1658,119,12,113.30000000000001
1659,31,15,145.5
1660,158,7,76.25
1661,53,17,115.16
1662,202,5,30.0
1663,50,13,100.1
1664,274,10,57.400000000000006
1665,32,6,30.0
1666,260,4,38.7
1667,353,2,41.6
1668,132,11,127.2
1669,134,9,52.74
1670,39,9,73.5
1672,85,6,39.6
1673,632,2,13.9
1674,27,12,115.55000000000001
1676,81,10,57.6
1677,22,11,219.0
1678,47,8,61.4
1679,23,11,53.2
1680,386,6,67.2
1681,543,6,20.1
1682,60,20,155.66
1683,133,5,29.200000000000003
1684,362,8,79.9
1685,135,8,26.700000000000003
1686,595,7,45.3
1687,440,11,85.30000000000001
1688,51,2,10.1
1689,387,5,54.800000000000004
1690,132,16,125.8
1692,186,15,121.65
1693,4,12,71.9
1694,456,6,37.8
1695,330,2,20.6
1696,88,13,81.95
1697,44,15,78.66
1698,162,9,55.040000000000006
1699,97,10,98.39999999999999
1700,62,4,18.64
1701,228,2,37.900000000000006
1702,351,13,75.9
1703,313,14,125.60000000000001
1705,80,8,50.85
1706,139,14,155.0
1707,205,4,24.5
1708,3,16,159.4
1709,253,4,34.4
1710,26,6,100.0
1711,39,19,163.66
1712,488,5,79.1
1714,151,5,44.400000000000006
1715,180,17,284.89
1716,502,8,101.2
1717,52,8,55.3
1718,292,7,62.95
1719,105,13,85.84
1720,26,7,39.04
1721,77,6,11.8
1722,126,14,69.25
1723,23,10,87.34
1724,113,11,107.0
1725,430,6,82.35000000000001
1726,5,13,132.10000000000002
1727,166,6,32.4
1728,138,7,41.1
1729,16,15,174.70000000000002
1730,6,8,43.0
1731,41,12,97.2
1732,216,7,50.0
1733,191,17,133.6
1734,171,17,181.0
1735,512,5,104.0
1736,124,12,83.0
1737,117,21,156.95
1738,456,8,40.85
1739,214,4,55.900000000000006
1740,405,16,125.8
1741,11,13,117.60000000000001
1742,19,9,111.70000000000002
1743,48,14,86.6
1744,94,4,7.65
1745,649,2,14.4
1746,78,10,49.5
1747,379,11,67.2
1748,298,19,85.8
1749,361,8,87.34
1750,326,12,112.96000000000001
1751,281,10,58.9
1752,256,10,48.6
1753,132,17,124.50000000000001
1754,105,14,108.80000000000001
1755,575,4,16.9
1756,99,9,72.60000000000001
1757,8,15,108.0
1758,308,14,127.84
1759,96,12,127.8
1760,342,8,50.8
1761,90,18,228.22
1762,183,4,11.0
1763,4,7,57.449999999999996
1764,46,11,58.6
1765,295,8,112.8
1766,344,5,79.75
1767,68,12,102.36
1768,118,20,125.01
1769,1,5,26.800000000000004
1770,42,10,45.52
1771,283,6,34.0
1772,59,8,57.49999999999999
1773,60,9,71.1
1774,146,12,62.650000000000006
1775,81,2,41.39999999999999
1776,260,14,109.30000000000001
1777,28,20,185.9
1778,374,6,85.3
1779,64,9,101.10000000000001
1780,79,21,119.05000000000001
1781,208,6,65.46000000000001
1782,82,13,164.2
1783,177,18,126.24000000000001
1784,96,7,66.69999999999999
1785,10,20,196.3
1786,324,6,24.3
1787,61,13,232.7
1788,11,16,105.55000000000001
1789,70,10,100.39999999999999
1790,277,4,22.7
1791,455,8,59.4
1792,138,13,182.84
1793,27,25,345.09999999999997
1794,105,5,26.3
1795,272,4,65.75
1796,58,14,86.4
1797,412,11,92.09
1798,364,17,135.20000000000002
1799,95,9,46.82
1800,153,12,81.4
1801,202,11,47.3
1803,233,9,53.9
1804,31,9,81.9
1805,205,7,42.300000000000004
1806,178,11,109.22
1807,13,6,85.7
1808,163,10,109.8
1809,430,6,38.4
1810,444,12,107.2
1811,99,18,145.29999999999998
1812,78,4,49.80000000000001
1813,395,3,50.9
1814,41,12,97.4
1815,123,11,67.3
1816,497,10,88.11
1817,132,12,133.20000000000002
1818,112,10,48.6
1819,13,17,206.9
1820,268,10,85.39999999999999
1821,224,8,140.2
1822,303,13,68.9
1823,34,11,120.9
1824,60,9,70.4
1825,40,13,104.9
1826,377,2,11.700000000000001
1827,183,23,158.6
1828,282,9,38.25
1829,195,9,74.2
1830,349,4,36.5
1831,356,7,67.15
1832,44,16,154.75
1833,160,10,80.8
1834,39,7,72.16
1835,192,10,106.64
1836,114,6,95.0
1837,175,12,87.75
1838,281,10,91.9
1839,83,11,142.20000000000002
1840,368,5,40.9
1841,235,4,28.6
1842,311,6,45.8
1843,25,9,56.65
1844,48,15,109.72
1845,146,7,20.0
1846,32,12,62.5
1847,258,9,60.05
1848,178,8,47.25
1849,189,8,61.42
1850,295,8,99.2
1851,173,10,82.0
1852,479,10,56.32
1853,214,9,126.1
1854,158,6,38.7
1855,52,13,160.65
1856,66,8,95.9
1857,112,5,80.7
1858,250,5,38.7
1859,217,11,161.4
1860,523,4,14.7
1861,141,5,32.9
1862,117,15,225.65
1863,149,14,110.6
1864,95,8,61.6
1865,28,14,146.60000000000002
1866,53,18,244.5
1867,277,11,67.7
1868,425,7,68.5
1869,229,11,51.0
1870,113,25,257.54
1871,382,2,21.9
1872,129,10,47.7
1873,103,6,45.3
1874,155,9,35.9
1875,155,5,69.9
1876,198,2,25.299999999999997
1877,457,11,43.22
1878,34,21,127.61
1879,418,8,34.4
1880,107,4,18.8
1881,77,11,51.05
1882,97,6,97.4
1883,56,10,66.7
1884,20,12,105.05
1885,6,11,78.5
1886,29,4,22.560000000000002
1887,52,22,185.8
1888,208,14,183.1
1889,125,18,240.15
1890,218,8,197.20000000000002
1891,544,6,22.8
1892,41,15,109.12
1893,271,8,92.30000000000001
1894,89,14,141.2
1895,403,13,118.38
1896,380,12,111.3
1897,340,8,47.4
1898,415,2,12.8
1899,68,12,93.64
1900,98,10,74.44
1901,32,12,99.2
1902,30,7,59.220000000000006
1903,296,10,62.45
1904,257,6,61.2
1905,74,26,253.51
1907,165,5,51.2
1908,158,20,180.64000000000001
1909,122,7,44.800000000000004
1910,62,10,85.6
1911,212,7,74.66
1912,131,6,55.099999999999994
1913,135,16,195.7
1914,210,7,36.55
1915,146,4,13.0
1916,45,7,34.65
1917,155,11,137.0
1918,93,4,70.4
1919,135,4,39.6
1920,318,6,30.0
1921,50,14,193.0
1922,85,19,98.9
1923,25,12,93.15
1924,44,14,72.99
1925,576,2,10.700000000000001
1926,76,6,65.0
1927,230,6,38.6
1928,105,9,99.80000000000001
1929,174,21,126.9
1930,46,13,115.3
1931,83,16,157.7
1932,115,20,179.8
1933,436,2,16.2
1934,147,19,185.8
1935,490,11,49.6
1936,138,6,42.2
1937,75,13,67.8
1938,237,10,72.0
1939,62,14,137.52
1940,43,11,204.15
1941,106,5,36.6
1942,442,4,39.0
1943,92,20,140.86
1944,122,4,21.7
1945,245,14,115.9
1946,23,12,110.5
1947,533,9,112.0
1948,128,22,135.15
1949,162,15,219.8
1950,50,10,43.35
1951,70,6,108.10000000000001
1952,38,10,85.30000000000001
1953,297,4,57.2
1954,147,11,114.62
1955,321,8,76.12
1956,717,2,11.3
1957,334,4,20.8
1958,181,7,101.5
1959,18,19,160.6
1960,356,4,25.200000000000003
1961,16,12,54.9
1962,206,10,70.8
1963,1,2,11.100000000000001
1964,395,10,53.17
1965,149,4,44.2
1966,434,16,91.24000000000001
1967,65,15,93.95
1968,89,11,101.0
1969,161,14,76.76
1970,568,9,100.7
1971,104,8,120.55
1972,212,5,25.900000000000002
1973,68,2,114.9
1974,242,5,76.6
1975,96,4,23.3
1976,78,3,6.7
1977,353,3,41.9
1978,300,6,105.9
1979,40,17,193.7
1980,77,10,49.830000000000005
1981,61,4,54.7
1982,17,7,89.2
1983,144,16,199.6
1985,35,8,39.75
1987,77,9,76.0
1988,114,6,56.900000000000006
1989,113,2,7.6000000000000005
1990,152,6,42.2
1991,22,23,201.20000000000002
1992,125,8,103.80000000000001
1993,176,9,81.9
1994,87,14,86.7
1995,202,17,61.82
1996,235,10,51.75
1997,3,21,150.12
1998,227,27,168.05
1999,129,16,159.24
2000,130,7,82.4
2001,113,20,267.32
2002,72,7,47.3
2003,38,6,44.7
2004,132,13,118.8
2005,100,13,83.99000000000001
2006,23,4,32.0
2007,38,6,51.849999999999994
2008,71,6,11.65
2009,81,6,49.400000000000006
2010,12,12,55.34
2011,8,18,86.86
2012,277,4,13.2
2013,123,7,32.45
2014,191,19,84.5
2015,233,4,22.6
2016,138,4,47.60000000000001
2017,69,16,180.4
2018,128,13,139.6
2019,47,18,91.1
2020,42,9,67.8
2021,353,2,20.6
2022,162,23,260.7
2023,122,7,64.1
2024,528,4,10.25
2025,413,8,73.4
2026,412,4,75.2
2027,448,5,41.199999999999996
2028,11,13,134.29
2029,176,11,86.7
2030,118,7,33.22
2031,308,14,157.0
2032,156,7,54.45
2033,320,11,201.5
2034,81,6,62.459999999999994
2035,8,11,113.22
2036,491,6,32.3
2037,256,8,101.95
2038,228,10,76.95
2039,100,4,47.4
2040,85,15,140.0
2041,98,15,165.5
2042,42,14,139.24
2043,254,16,113.56
2044,15,9,66.01
2045,24,15,148.4
2046,132,5,35.25
2047,11,12,96.8
2048,15,12,73.2
2049,85,9,95.3
2050,186,4,23.9
2051,47,33,284.90000000000003
2053,101,8,32.2
2054,16,12,95.12
2055,53,17,101.85000000000001
2056,37,18,145.23000000000002
2057,48,5,32.54
2058,210,12,65.76
2059,480,9,165.35000000000002
2060,158,5,36.4
2061,4,11,127.6
2062,100,8,48.11
2063,34,13,116.9
2064,132,8,53.0
2065,343,14,84.0
2066,224,12,137.70000000000002
2067,141,9,36.54
2068,207,12,81.65
2069,182,10,146.10000000000002
2070,12,24,223.85
2071,78,10,82.66
2072,33,13,96.2
2073,196,9,83.65
2074,11,11,55.2
2075,345,6,18.0
2076,27,8,58.0
2077,230,15,170.9
2078,76,6,59.04
2079,165,14,168.41000000000003
2080,254,5,53.6
2081,343,10,103.0
2082,38,10,45.900000000000006
2083,54,12,108.0
2084,138,4,27.099999999999998
2085,253,8,66.7
2086,212,20,182.4
2087,266,10,70.0
2088,325,5,32.7
2089,61,16,161.3
2091,73,11,69.4
2092,55,17,96.3
2093,202,16,159.3
2094,603,6,34.44
2095,93,6,38.199999999999996
2096,340,2,8.600000000000001
2097,91,11,111.27000000000001
2098,437,7,35.8
2100,79,15,151.14
2101,11,11,39.6
2102,235,12,108.5
2103,295,2,20.549999999999997
2104,72,9,110.4
2105,344,5,72.06
2106,37,12,56.4
2107,34,19,113.0
2108,91,7,60.9
2109,64,10,51.9
2110,155,8,81.5
2111,309,8,63.51
2112,573,4,19.0
2113,115,8,44.6
2114,55,6,33.3
2115,43,7,61.4
2116,124,4,12.100000000000001
2117,54,13,146.28
2118,166,5,68.2
2119,98,8,69.2
2120,85,14,180.0
2121,423,4,20.6
2122,268,10,82.15
2123,573,3,38.599999999999994
2125,189,6,60.9
2126,613,2,49.00000000000001
2127,42,12,95.22
2128,143,11,111.22999999999999
2129,142,16,115.9
2131,126,12,90.0
2132,377,11,76.2
2133,148,16,169.95999999999998
2134,96,7,69.39999999999999
2135,340,8,62.8
2136,324,2,9.0
2137,615,4,93.30000000000001
2138,302,18,221.86
2139,259,12,81.6
2140,1,6,22.7
2141,298,9,31.0
2142,189,19,156.0
2143,159,7,49.3
2144,360,10,148.6
2145,19,5,16.8
2146,194,6,72.9
2147,49,9,53.6
2148,165,10,62.25
2149,222,9,93.0
2151,93,11,176.94
2152,119,12,81.30000000000001
2153,382,4,17.09
2154,291,11,97.7
2155,415,8,40.400000000000006
2156,146,9,44.2
2157,63,11,120.56
2158,152,11,56.8
2159,167,8,80.06
2160,86,12,126.96000000000001
2161,463,4,19.92
2162,195,10,107.5
2164,37,25,155.6
2165,116,12,65.3
2166,21,15,117.75
2167,23,9,122.4
2168,36,7,40.95
2169,60,11,83.4
2170,196,10,94.44999999999999
2171,119,18,187.5
2172,304,5,59.800000000000004
2173,142,4,40.1
2174,469,7,30.8
2175,300,13,102.52000000000001
2176,145,13,108.80000000000001
2177,455,6,43.85
2178,11,11,177.1
2179,259,4,41.15
2180,378,5,21.1
2181,191,7,73.6
2183,367,7,45.599999999999994
2184,24,24,241.85999999999999
2185,81,11,69.9
2186,121,20,128.25
2187,137,6,37.75
2188,33,10,74.75000000000001
2190,81,6,39.1
2191,51,10,101.67
2192,324,5,27.3
2193,92,27,361.45
2194,209,15,127.91
2195,174,8,58.76
2196,83,14,103.4
2197,543,2,13.8
2198,508,2,22.8
2199,577,4,33.0
2200,82,10,94.9
2201,223,14,117.64999999999999
2202,94,13,169.45000000000002
2203,187,2,64.2
2204,95,12,108.6
2205,299,8,54.3
2206,75,7,40.5
2207,267,8,74.2
2208,154,8,95.80000000000001
2209,89,14,156.4
2210,97,19,277.35
2211,32,13,74.3
2212,64,12,88.4
2213,493,2,5.300000000000001
2214,346,4,30.599999999999998
2215,35,14,128.8
2216,44,2,24.2
2217,29,8,91.05000000000001
2218,182,13,80.6
2219,258,6,19.2
2220,149,6,28.2
2221,13,6,83.42
2222,3,19,170.95000000000002
2225,247,10,82.5
2226,297,13,108.10000000000001
2227,194,5,27.7
2228,215,4,45.66
2229,9,22,210.51000000000002
2230,217,18,195.9
2231,28,15,109.2
2232,239,14,155.7
2233,125,9,86.05
2234,7,21,166.0
2235,67,13,113.35
2236,331,14,119.72
2237,325,9,89.6
2238,25,13,105.3
2239,18,12,69.41
2240,30,12,81.54
2241,74,9,78.9
2242,209,12,87.82000000000001
2243,107,10,74.9
2244,277,15,141.8
2245,230,8,98.56
2246,124,5,108.30000000000001
2247,214,11,68.15
2248,289,2,4.4
2249,216,4,55.1
2250,77,8,73.4
2251,191,16,205.0
2252,84,21,134.57
2253,163,6,34.3
2254,341,12,135.70000000000002
2255,13,12,105.85
2256,132,9,85.35000000000001
2257,230,8,64.9
2258,438,7,33.3
2259,563,7,29.75
2260,62,8,62.75
2261,185,13,65.5
2262,57,10,108.95
2263,182,2,39.9
2264,353,8,59.199999999999996
2265,97,14,93.85
2266,92,9,86.3
2267,50,15,161.4
2269,102,6,81.9
2270,92,22,222.4
2271,41,31,241.8
2272,117,13,142.0
2273,34,14,89.0
2274,360,11,79.34
2275,151,4,33.32
2276,354,7,58.7
2277,347,7,89.46
2278,143,6,42.84
2279,401,8,90.60000000000001
2280,354,4,35.5
2281,65,2,53.7
2282,234,3,57.599999999999994
2283,347,7,38.42
2284,288,13,131.4
2285,15,4,26.2
2286,27,6,99.9
2287,15,8,84.2
2288,214,12,83.12
2289,57,16,137.84
2290,112,11,94.2
2291,102,12,97.85000000000001
2292,281,2,12.4
2293,12,19,140.56
2294,99,23,205.6
2295,3,10,47.9
2296,567,2,5.35
2297,305,2,5.92
2298,86,20,166.8
2299,51,8,73.47
2300,103,10,107.30000000000001
2301,7,9,39.35
2302,701,2,6.0
2303,519,6,122.6
2304,183,2,6.4
2305,94,7,102.34
2306,83,13,93.54
2307,185,11,121.62
2308,477,6,28.6
2309,2,12,64.07000000000001
2310,282,16,137.68
2311,60,18,127.7
2312,230,9,74.5
2313,316,5,38.54
2314,36,10,67.3
2315,11,14,128.42000000000002
2316,206,6,83.16
2318,349,6,33.7
2319,235,7,84.5
2320,388,10,110.9
2321,198,13,121.2
2322,684,4,24.8
2323,369,6,52.300000000000004
2324,135,6,41.6
2325,259,15,110.58
2326,32,9,57.300000000000004
2327,23,10,78.0
2328,312,7,69.7
2329,169,4,30.3
2330,421,4,17.4
2331,33,13,82.22
2332,16,13,97.8
2334,669,5,27.000000000000004
2335,161,5,30.2
2336,85,11,120.84
2337,138,13,105.80000000000001
2338,23,11,121.2
2339,590,10,110.0
2340,33,18,134.4
2341,374,10,115.02000000000001
2342,377,4,26.3
2343,215,9,37.1
2344,14,25,230.0
2345,14,10,51.5
2346,105,15,191.9
2347,338,4,33.3
2348,20,18,158.91
2349,167,16,116.32
2350,580,4,10.5
2351,359,6,62.64000000000001
2352,240,6,53.089999999999996
2353,243,9,50.7
2354,498,6,15.3
2355,160,12,89.7
2356,122,14,129.0
2357,99,20,165.85
2358,16,9,111.16
2359,125,13,101.62
2360,316,6,73.3
2361,89,10,59.9
2362,38,14,105.75
2363,67,11,156.6
2364,114,15,106.30000000000001
2365,193,17,158.6
2366,135,13,71.5
2368,50,8,53.8
2369,75,8,143.5
2370,110,19,178.26
2371,123,6,56.6
2372,119,6,19.6
2373,496,2,10.100000000000001
2374,191,14,154.3
2375,22,11,138.6
2376,217,8,93.0
2377,259,5,35.0
2378,260,4,49.0
2379,103,6,78.50000000000001
2380,83,16,177.75
2381,228,19,165.02
2383,87,12,147.29000000000002
2384,363,6,32.6
2386,26,12,83.0
2387,660,2,8.1
2388,407,8,60.62
2389,48,16,166.19
2390,132,14,51.56
2391,26,15,100.4
2392,16,7,50.800000000000004
2393,258,14,98.1
2394,39,29,221.0
2395,409,5,107.60000000000001
2396,497,11,79.85
2397,88,6,51.94
2398,357,7,26.2
2399,322,11,139.3
2400,284,12,154.15
2401,12,10,111.3
2402,116,10,66.83
2403,30,13,142.10000000000002
2404,77,11,81.3
2406,24,17,110.96000000000001
2407,296,10,76.3
2408,113,21,189.93
2410,40,11,78.0
2411,619,6,48.400000000000006
2412,293,7,71.30000000000001
2413,18,14,86.64999999999999
2414,575,2,21.0
2415,145,14,133.9
2416,56,9,81.6
2417,423,2,11.4
2419,131,9,93.80000000000001
2420,95,10,70.0
2421,39,21,150.3
2422,50,11,62.4
2423,518,4,34.8
2424,459,6,68.10000000000001
2425,314,4,9.1
2426,114,17,203.5
2427,188,9,46.15
2428,132,17,85.45
2429,185,4,33.96
2430,345,12,98.4
2431,65,13,82.97000000000001
2432,19,14,137.0
2433,4,31,375.31
2434,104,7,86.5
2435,93,12,157.05
2436,37,11,86.60000000000001
2437,46,15,134.7
2438,314,4,51.6
2439,61,10,92.33999999999999
2440,195,25,223.29
2441,181,15,73.92
2442,675,2,13.4
2443,46,21,241.70000000000002
2444,197,8,56.43
2445,428,8,87.60000000000001
2446,114,9,79.8
2447,3,21,204.0
2448,2,17,74.9
2449,176,8,85.60000000000001
2450,153,6,49.7
2451,459,7,30.65
2452,142,11,129.16
2453,10,15,114.69
2454,51,20,143.1
2455,361,4,45.7
2456,656,2,12.5
2457,383,6,23.0
2458,130,6,55.699999999999996
2459,100,13,100.7
2460,13,9,70.7
2461,88,5,38.3
2462,281,5,67.78
2463,5,6,19.2
2464,165,8,76.7
2465,4,11,124.30000000000001
2466,82,9,150.2
2467,85,12,86.8
2468,293,8,29.8
2469,99,13,104.8
2470,231,11,64.3
2471,140,9,57.300000000000004
2472,348,8,57.10000000000001
2473,183,6,26.400000000000002
2474,325,2,11.0
2475,51,14,126.8
2476,27,10,37.85
2477,210,7,26.9
2478,485,5,111.45000000000002
2479,352,10,40.05
2480,102,13,46.7
2481,37,6,74.75999999999999
2482,709,3,6.9
2483,64,8,75.5
2484,141,14,136.75
2485,227,7,46.45
2486,36,5,41.150000000000006
2487,175,4,18.1
2488,134,7,69.5
2489,9,10,62.42
2490,13,6,19.92
2492,51,21,210.64000000000001
2493,146,5,20.700000000000003
2494,119,17,135.8
2495,156,11,83.69999999999999
2496,29,8,99.36
2497,512,2,4.9
2499,39,15,159.22
2500,25,9,85.55
2501,113,4,23.0
2502,260,14,97.62
2503,326,2,63.9
2504,139,11,127.7
2505,31,11,76.9
2506,4,8,56.900000000000006
2507,1,13,125.60000000000001
2508,4,9,61.25000000000001
2509,169,8,105.1
2510,93,14,121.8
2511,170,21,202.74
2512,120,26,208.22
2513,16,12,80.30000000000001
2514,59,11,81.10000000000001
2515,162,12,96.28
2516,153,8,48.300000000000004
2517,19,27,256.25
2518,181,12,100.5
2519,211,14,99.7
2520,25,6,34.769999999999996
2521,17,10,70.19999999999999
2522,510,8,49.3
2523,180,15,130.06
2524,26,28,235.45
2525,45,11,97.54
2526,76,4,21.1
2527,142,5,53.099999999999994
2528,73,7,65.3
2530,123,11,77.54
2531,494,4,57.5
2532,178,12,90.75
2533,373,7,70.4
2534,53,14,123.52000000000001
2535,51,13,95.5
2536,54,7,59.30000000000001
2537,78,8,35.6
2538,157,7,43.2
2539,46,4,20.6
2540,301,17,132.70000000000002
2541,475,6,28.2
2542,37,8,71.0
2543,140,10,85.85
2544,336,9,74.60000000000001
2545,43,12,43.35
2546,238,5,37.8
2547,37,12,148.60000000000002
2548,6,10,63.45
2549,129,16,201.92
2550,8,16,163.14
2551,71,6,83.60000000000001
2552,360,13,119.52
2553,164,14,73.23
2555,8,16,196.8
2556,125,10,95.8
2557,69,6,58.400000000000006
2558,141,2,10.6
2559,430,6,72.7
2560,35,24,165.52
2561,134,9,74.85
2562,412,10,111.2
2563,2,14,98.55
2564,170,10,87.8
2565,94,12,75.74
2566,334,3,44.92
2567,527,2,22.400000000000002
2568,83,19,167.3
2569,168,7,91.1
2570,129,11,86.4
2571,167,8,76.10000000000001
2572,218,2,39.4
2573,362,16,157.4
2574,20,11,98.44
2575,293,4,74.2
2576,371,4,52.3
2577,67,8,29.450000000000003
2578,30,18,155.76
2579,267,6,92.3
2580,44,12,124.0
2581,17,12,99.85
2582,47,12,143.8
2583,280,5,67.5
2584,250,20,153.97
2585,292,10,35.4
2586,66,5,53.1
2587,212,13,84.25
2588,3,5,42.8
2589,246,19,99.44
2590,15,10,104.5
2591,386,4,6.6000000000000005
2592,91,16,141.94
2593,444,6,41.32
2594,224,8,49.300000000000004
2595,342,17,134.45
2597,138,15,125.25
2598,50,3,59.10000000000001
2599,39,15,160.1
2600,15,19,158.9
2601,70,19,197.0
2602,20,17,145.44
2603,551,4,31.86
2604,102,14,103.1
2605,488,6,33.35
2606,339,8,60.7
2607,406,4,19.3
2608,103,8,43.4
2609,127,5,22.6
2610,71,7,75.04
2611,367,7,38.35
2612,214,18,149.25
2613,130,17,75.45
2614,189,2,9.0
2615,581,4,27.2
2616,229,8,72.0
2617,223,16,126.85
2618,28,16,163.9
2619,372,7,43.56
2620,17,8,53.55
2621,460,4,25.200000000000003
2622,91,12,74.7
2623,82,9,65.5
2624,135,4,61.8
2625,43,31,243.06
2626,509,7,39.0
2627,61,8,42.2
2628,394,2,18.0
2629,25,19,178.54
2630,319,7,77.24
2631,95,7,30.5
2632,99,24,254.8
2633,34,16,102.2
2634,253,5,36.9
2635,105,6,67.2
2636,111,10,78.0
2637,469,4,12.9
2638,447,5,83.4
2639,49,8,61.1
2640,253,2,4.800000000000001
2641,305,12,96.1
2642,274,7,43.6
2643,30,12,86.55
2644,589,7,43.9
2645,187,19,157.6
2646,50,7,100.6
2648,53,13,152.7
2649,33,9,85.2
2650,39,16,193.70999999999998
2651,476,4,32.12
2652,5,13,116.69
2653,24,12,77.15
2654,36,19,145.3
2655,183,5,45.76
2656,15,10,105.10000000000001
2657,224,6,57.2
2658,76,7,26.9
2659,23,16,172.97
2660,476,4,86.2
2661,244,8,71.9
2662,391,6,33.4
2663,71,27,208.82
2664,102,8,62.900000000000006
2665,262,4,84.66000000000001
2666,17,16,110.55
2667,198,5,38.29
2668,395,2,4.2
2669,98,11,62.1
2670,246,6,47.1
2671,157,8,56.3
2672,35,12,121.8
2673,21,8,36.1
2674,484,6,41.7
2675,107,7,18.2
2676,54,14,129.9
2677,8,6,33.6
2678,33,11,99.05
2679,380,6,57.39
2680,142,8,70.10000000000001
2681,243,6,72.0
2682,30,11,49.2
2683,142,8,82.7
2684,354,3,7.5
2685,85,12,60.400000000000006
2686,376,4,27.0
2687,108,16,140.6
2688,39,13,100.10000000000001
2689,245,15,85.4
2690,57,17,185.5
2691,57,10,104.3
2692,83,10,125.6
2693,59,11,101.4
2694,37,19,161.76
2695,180,8,74.3
2696,120,11,76.0
2697,542,4,78.7
2698,341,8,61.8
2699,33,10,60.550000000000004
2700,46,9,114.88000000000001
2701,502,11,104.69
2702,218,9,69.3
2703,101,9,73.0
2704,43,6,39.8
2705,45,6,72.94
2706,89,23,260.9
2707,74,17,123.56
2708,317,6,79.5
2709,133,11,46.45
2710,78,4,19.5
2711,109,14,107.2
2712,96,13,67.54
2713,135,10,159.3
2714,291,2,36.7
2715,178,15,117.4
2716,99,16,192.1
2717,728,2,8.4
2718,202,20,170.72
2719,215,14,98.0
2720,553,2,14.9
2721,143,6,41.3
2722,413,4,22.1
2723,58,10,157.5
2724,245,6,81.2
2725,703,4,33.400000000000006
2726,396,8,69.92
2727,16,10,108.4
2728,33,5,50.4
2729,98,18,236.3
2730,51,11,107.11
2731,264,4,18.0
2732,273,10,68.9
2733,162,6,29.3
2734,276,3,29.14
2735,213,2,7.4
2736,5,23,267.4
2737,370,6,37.73
2738,52,21,220.0
2739,103,4,37.2
2740,182,4,53.8
2741,94,12,61.5
2742,82,9,49.85
2743,143,17,312.46000000000004
2744,226,8,69.5
2745,246,15,144.6
2746,216,15,167.14999999999998
2747,123,12,131.29999999999998
2748,638,2,20.400000000000002
2749,192,7,65.10000000000001
2750,108,8,62.949999999999996
2751,331,12,104.77
2752,82,2,24.700000000000003
2753,114,8,48.2
2754,243,10,82.1
2755,228,15,160.3
2756,38,10,97.89999999999999
2757,15,10,127.8
2758,42,20,212.9
2759,157,2,8.0
2760,145,23,135.4
2761,250,15,99.18
2762,13,9,82.35
2763,321,10,53.54
2764,3,13,92.75
2765,31,12,156.25
2766,134,7,75.2
2767,338,5,23.1
2768,364,7,52.1
2769,153,12,132.63
2770,169,5,37.5
2771,127,7,133.70000000000002
2772,27,16,237.2
2773,580,2,14.5
2774,64,7,27.96
2775,55,10,83.3
2776,596,4,25.14
2777,213,10,86.2
2778,550,9,37.59
2779,4,22,223.54999999999998
2780,81,6,66.2
2781,213,13,88.5
2782,205,9,70.7
2783,275,2,7.8
2784,48,13,133.95
2785,74,10,132.96
2786,281,7,71.30000000000001
2787,190,16,155.6
2788,119,9,36.6
2789,213,23,209.6
2790,1,8,80.5
2791,405,2,38.1
2792,68,15,92.9
2794,93,18,236.4
2795,239,12,74.0
2796,75,12,69.0
2797,110,5,50.7
2798,131,8,29.2
2799,112,21,161.70000000000002
2800,90,13,78.15
2801,447,8,22.35
2802,381,8,59.2
2803,431,11,96.62
2804,347,9,71.6
2805,123,11,77.85
2806,634,10,98.5
2807,181,11,63.2
2808,240,6,14.8
2809,265,6,69.35000000000001
2810,1,17,171.4
2811,311,20,305.71999999999997
2812,388,4,50.3
2813,45,16,110.2
2814,71,17,152.42000000000002
2815,112,8,101.8
2816,81,24,116.3
2817,9,10,98.80000000000001
2818,39,6,45.8
2820,402,2,24.2
2822,13,4,23.48
2823,440,5,63.300000000000004
2824,24,9,64.2
2825,2,10,129.9
2826,483,2,13.4
2827,61,8,49.22
2828,698,2,26.8
2829,12,10,71.9
2830,192,11,71.2
2831,359,9,52.2
2832,59,11,86.65
2833,139,4,52.3
2834,5,10,177.32
2835,83,19,148.52
2836,2,12,143.12
2837,103,11,56.45
2838,51,7,49.8
2839,61,8,180.3
2840,146,15,117.9
2841,11,2,9.0
2842,155,4,67.8
2843,17,9,55.300000000000004
2844,224,2,18.8
2845,91,4,31.900000000000002
2846,99,6,58.36
2847,38,13,167.0
2848,46,4,21.400000000000002
2849,37,11,133.35
2850,279,9,121.6
2851,106,29,277.40000000000003
2852,206,2,19.5
2853,409,5,26.9
2854,326,11,144.02
2855,53,23,215.0
2856,132,4,32.4
2857,257,15,177.8
2858,494,3,36.8
2859,323,4,46.900000000000006
2860,11,14,127.48
2861,29,12,70.55
2862,145,6,28.98
2863,542,7,113.0
2864,150,10,76.04
2865,57,8,86.8
2866,624,2,25.0
2867,8,15,98.22
2868,27,21,163.9
2869,21,14,117.1
2870,67,13,228.6
2871,11,8,77.25
2872,103,8,82.69
2873,119,16,105.0
2874,113,16,88.1
2875,60,7,57.400000000000006
2876,62,12,77.32000000000001
2877,265,6,75.5
2878,422,4,11.5
2879,3,13,100.7
2880,58,8,66.5
2881,578,4,28.65
2882,189,11,69.75
2883,80,10,85.7
2884,3,8,84.45
2885,42,14,116.0
2886,384,4,41.4
2887,348,4,31.1
2888,11,9,35.900000000000006
2889,345,2,11.100000000000001
2890,249,6,51.86
2891,182,5,54.15
2892,406,5,38.0
2893,19,11,101.10000000000001
2894,292,2,16.0
2895,139,3,36.300000000000004
2897,338,6,96.60000000000001
2898,526,7,19.700000000000003
2899,37,11,59.6
2900,264,12,72.72
2901,509,8,96.15
2902,137,7,76.69999999999999
2903,145,12,54.4
2904,105,10,65.8
2905,70,6,85.8
2906,176,11,94.35000000000001
2907,377,17,124.05
2908,291,8,53.2
2909,237,11,105.7
2910,27,15,95.8
2911,170,4,10.850000000000001
2912,337,11,61.79
2913,180,4,40.03
2914,31,9,67.10000000000001
2915,422,4,85.8
2916,201,15,99.39000000000001
2917,583,6,65.7
2918,20,21,252.6
2919,184,4,32.5
2920,81,11,60.3
2921,399,9,70.4
2922,5,6,46.7
2923,424,5,67.6
2924,42,11,63.16
2925,20,16,111.8
2926,53,7,34.15
2927,331,10,60.36
2928,100,9,164.0
2929,435,4,68.70000000000002
2930,283,14,82.5
2931,544,3,27.700000000000003
2932,286,17,88.5
2933,269,8,56.8
2934,109,9,58.5
2935,356,10,62.7
2936,206,5,58.39999999999999
2937,153,17,102.16
2938,189,7,88.79999999999998
2939,150,8,55.800000000000004
2940,54,11,74.2
2941,89,12,45.300000000000004
2942,333,12,79.35
2943,194,8,54.230000000000004
2944,333,14,135.3
2945,165,5,60.8
2946,57,18,162.74
2947,168,7,93.1
2948,195,10,80.24
2949,578,5,40.260000000000005
2950,82,15,125.34
2951,9,7,37.650000000000006
2952,36,15,149.36
2953,361,3,14.6
2954,209,7,29.500000000000004
2955,208,15,69.4
2956,29,11,60.8
2957,34,19,153.56
2958,200,10,76.4
2960,12,26,242.84
2961,45,20,153.36
2962,249,9,43.45
2963,583,4,13.2
2964,142,12,140.2
2965,572,6,59.45
2966,400,6,31.700000000000003
2967,328,6,38.65
2968,75,2,12.64
2969,23,8,73.7
2970,1,7,33.6
2971,338,7,91.62
2972,224,10,87.9
2973,383,12,81.6
2974,5,9,77.7
2975,68,13,89.4
2976,212,5,28.21
2977,45,12,71.5
2978,36,19,133.3
2979,144,10,76.85
2980,248,7,70.96000000000001
2981,28,9,43.800000000000004
2982,189,12,95.9
2983,111,4,66.0
2984,310,11,49.400000000000006
2985,216,6,21.5
2986,226,17,95.10000000000001
2987,624,2,20.6
2988,78,2,10.200000000000001
2989,335,12,84.7
2990,141,24,303.61
2991,318,12,111.78
2992,52,3,15.6
2993,240,15,296.96
2994,537,6,58.7
2995,316,5,35.59
2996,96,14,187.8
2997,1,16,144.87
2998,170,5,18.6
2999,150,8,76.3
3000,496,2,15.399999999999999
3001,7,4,25.2
3002,140,17,141.6
3003,602,6,46.040000000000006
3004,324,4,30.349999999999998
3005,172,11,99.10000000000001
3006,4,7,59.300000000000004
3007,394,4,10.700000000000001
3008,540,5,27.3
3009,139,14,78.1
3010,139,11,65.44
3011,192,11,45.7
3012,102,6,27.900000000000002
3013,132,13,82.3
3014,50,17,256.0
3015,82,10,79.3
3016,30,7,40.0
3017,94,6,70.80000000000001
3018,187,6,28.8
3019,12,5,31.4
3020,126,8,61.3
3021,335,10,58.300000000000004
3022,46,9,96.4
3023,156,9,68.80000000000001
3024,373,5,54.2
3025,73,11,131.0
3026,341,15,54.85
3027,107,9,74.89999999999999
3028,205,15,178.20000000000002
3029,214,6,89.36
3030,382,10,101.39999999999999
3031,13,15,187.8
3032,209,4,24.55
3033,462,8,75.0
3034,223,10,73.5
3035,32,13,74.9
3036,104,17,85.94
3037,311,5,21.1
3038,354,12,76.30000000000001
3039,33,10,40.95
3040,446,4,54.39999999999999
3041,107,14,123.49
3042,4,22,123.1
3043,360,2,41.4
3044,93,19,120.62
3045,280,11,143.14999999999998
3046,43,23,163.8
3047,115,5,28.3
3048,21,19,234.0
3049,329,4,82.9
3050,16,33,222.7
3051,32,15,105.6
3052,180,5,22.05
3053,6,9,82.2
3054,186,18,123.6
3055,135,7,59.400000000000006
3056,138,4,33.4
3057,533,5,35.1
3058,157,8,72.4
3059,383,9,86.53999999999999
3060,179,7,45.4
3061,26,8,42.35
3062,152,11,98.82
3063,3,10,78.2
3064,363,4,16.4
3065,368,7,46.95
3066,25,12,72.0
3067,34,10,118.08
3068,195,7,54.1
3069,266,6,30.8
3071,201,15,143.85
3072,206,17,144.65
3073,348,5,30.0
3074,262,5,40.14
3075,77,6,40.2
3076,23,4,45.7
3077,122,17,148.01000000000002
3078,121,5,27.299999999999997
3079,296,9,85.10000000000001
3080,684,2,7.8500000000000005
3081,464,15,128.03
3082,97,26,156.15
3083,468,10,92.95
3084,66,14,84.5
3085,173,4,36.2
3086,271,12,61.74
3087,369,6,18.400000000000002
3088,28,8,62.800000000000004
3089,75,11,94.5
3090,57,22,145.22
3092,7,6,39.0
3093,293,2,7.32
3094,86,17,105.45
3095,79,16,114.00000000000001
3096,131,7,48.3
3097,143,2,12.4
3098,118,4,11.4
3099,166,12,97.6
3100,222,12,95.10000000000001
3101,14,14,144.1
3102,27,8,139.22
3103,386,4,13.8
3104,210,18,92.14999999999999
3105,628,2,14.2
3106,599,8,75.53999999999999
3107,45,14,101.7
3108,646,4,13.850000000000001
3109,185,9,92.4
3110,526,6,58.400000000000006
3111,8,16,113.7
3112,226,8,48.2
3113,196,12,114.10000000000001
3115,428,16,185.54000000000002
3116,386,14,141.4
3117,92,12,95.5
3118,2,7,41.0
3119,186,17,196.8
3120,8,24,243.5
3122,61,24,117.42
3123,381,9,65.1
3124,266,3,5.699999999999999
3125,452,4,45.8
3126,394,2,8.5
3127,393,10,74.8
3128,123,17,129.8
3129,523,6,69.65
3130,243,6,17.5
3131,393,4,33.2
3132,124,10,75.4
3133,6,8,107.80000000000001
3134,207,2,9.4
3135,158,6,34.22
3136,612,2,7.9
3137,129,19,123.5
3138,256,13,89.9
3139,254,16,113.66
3140,126,12,100.13000000000001
3141,45,17,117.4
3142,486,11,42.8
3143,221,6,37.9
3144,137,13,132.52
3145,45,8,61.4
3146,552,4,21.799999999999997
3147,7,5,30.75
3148,278,11,153.16
3149,705,3,79.5
3150,507,6,38.59
3151,97,6,45.45
3152,37,4,31.500000000000004
3153,84,16,96.2
3154,192,11,84.12
3155,465,2,20.0
3156,151,6,51.0
3157,449,7,59.519999999999996
3158,453,9,80.4
3159,334,7,45.44
3160,239,10,118.26
3161,53,9,83.7
3162,208,2,2.6
3163,367,4,12.100000000000001
3164,92,21,203.76000000000002
3165,34,18,177.1
3166,247,14,131.8
3167,57,7,85.7
3168,15,12,67.0
3169,182,6,43.2
3170,28,12,137.4
3171,440,3,81.80000000000001
3172,305,7,31.0
3173,159,2,14.6
3174,325,4,11.8
3175,38,14,146.20000000000002
3176,152,13,100.1
3177,439,4,28.6
3178,23,12,47.1
3179,285,2,10.5
3180,73,36,251.45
3181,18,14,131.70000000000002
3182,77,14,162.9
3183,146,7,66.1
3184,41,14,85.2
3185,304,11,89.9
3186,36,10,132.8
3188,25,6,30.590000000000003
3189,38,17,117.03999999999999
3190,40,12,107.46000000000001
3191,1,5,44.09
3193,334,13,90.6
3194,242,14,145.8
3195,176,6,46.7
3196,57,5,30.439999999999998
3197,670,3,19.8
3198,191,5,51.00000000000001
3199,7,2,33.900000000000006
3200,274,8,116.90000000000002
3201,34,17,212.4
3202,47,7,56.4
3203,146,12,111.2
3204,237,11,113.62
3205,20,13,92.6
3206,79,12,115.91
3207,35,15,147.20000000000002
3208,41,14,73.0
3209,3,11,49.400000000000006
3210,8,8,75.9
3211,92,4,33.0
3212,257,4,45.9
3213,377,7,70.78999999999999
3214,9,15,104.8
3215,163,10,96.64
3216,322,4,12.0
3217,286,6,43.6
3218,568,5,36.1
3219,149,7,60.54
3220,54,12,60.7
3221,185,23,227.20000000000002
3222,148,10,68.22
3223,512,3,75.6
3224,292,10,112.76
3225,19,18,211.7
3226,432,8,104.2
3227,31,15,78.66
3228,339,8,97.8
3229,146,12,100.8
3230,351,2,19.6
3231,275,5,26.0
3232,13,16,128.45000000000002
3233,431,2,39.5
3234,137,2,17.1
3235,3,7,50.6
3236,180,10,79.2
3237,186,13,76.5
3238,546,8,24.0
3239,34,2,5.9
3240,364,4,11.4
3241,102,9,77.6
3242,222,8,33.1
3243,728,2,8.9
3244,41,6,27.900000000000002
3245,23,18,271.8
3246,126,22,221.4
3247,60,24,165.9
3248,195,21,205.44
3249,374,4,52.349999999999994
3250,263,5,42.1
3251,5,21,248.12
3252,131,12,60.0
3253,194,4,51.900000000000006
3254,73,10,73.92
3255,56,17,71.1
3256,154,9,65.3
3257,321,11,57.25
3258,225,13,130.34
3259,120,9,49.92
3260,29,8,80.2
3262,23,16,96.4
3263,532,7,47.3
3264,270,10,49.35
3265,22,7,55.5
3266,67,22,143.55
3267,347,9,50.2
3268,55,16,132.27
3269,85,5,26.1
3270,230,2,6.9
3271,4,7,72.19999999999999
3272,193,4,16.65
3273,96,9,81.4
3275,66,8,109.0
3276,184,15,151.8
3277,426,7,68.60000000000001
3278,397,4,38.2
3279,400,7,55.69
3280,171,6,77.8
3281,67,6,103.7
3282,192,11,86.83
3283,182,9,46.4
3284,42,16,130.2
3285,172,7,69.3
3286,8,4,21.6
3287,332,13,150.45
3288,249,6,25.4
3289,5,29,334.15000000000003
3290,216,2,10.9
3291,151,4,39.9
3292,109,6,136.2
3293,236,7,25.3
3294,181,13,127.05
3295,156,10,85.63000000000001
3296,136,14,119.50000000000001
3297,224,12,124.7
3298,219,10,122.69999999999999
3299,306,11,166.1
3300,86,11,117.94999999999999
3301,250,2,7.1
3302,223,6,47.7
3303,340,8,44.400000000000006
3304,31,10,80.30000000000001
3305,190,6,37.34
3306,2,16,90.8
3307,86,11,48.5
3308,69,28,163.94
3309,64,16,71.67
3310,231,11,56.550000000000004
3311,183,8,84.66
3312,7,9,95.05000000000001
3313,267,6,29.4
3314,505,2,21.6
3315,42,13,90.5
3316,358,7,62.160000000000004
3317,185,7,33.71
3318,163,4,43.8
3319,44,5,34.0
3320,628,6,73.4
3321,6,14,91.8
3322,81,16,149.8
3323,22,11,96.36
3324,129,11,64.5
3325,32,13,132.62
3326,245,4,31.500000000000004
3327,241,14,78.53
3328,77,11,120.12
3329,313,13,112.6
3330,158,5,54.0
3331,159,8,43.24
3332,334,5,33.55
3333,312,4,11.600000000000001
3334,242,9,91.0
3335,482,4,37.5
3336,280,2,22.2
3337,204,16,141.86
3338,136,9,69.10000000000001
3339,23,9,74.0
3341,16,5,43.52
3342,192,8,104.5
3343,235,10,94.44000000000001
3344,274,12,45.2
3345,92,2,5.2
3346,234,6,169.7
3347,209,14,135.8
3348,26,14,108.65
3349,537,8,97.8
3350,587,4,11.9
3351,78,6,45.2
3352,53,7,38.2
3353,139,19,113.35
3354,32,15,127.60000000000001
3355,29,6,103.80000000000001
3356,222,16,117.3
3357,206,9,81.7
3358,277,18,165.9
3359,524,5,41.82
3360,47,11,123.4
3361,162,22,240.5
3362,579,2,4.6
3363,2,13,84.5
3364,108,12,110.4
3365,67,15,86.75
3366,377,4,28.1
3367,672,2,32.800000000000004
3368,297,6,76.65
3369,2,15,161.84
3370,49,11,112.1
3372,674,2,23.8
3373,7,4,8.8
3374,126,5,64.2
3375,249,7,81.5
3376,723,3,10.3
3377,489,2,14.4
3378,352,9,52.2
3379,344,5,61.3
3380,50,18,174.3
3381,391,4,45.5
3382,413,10,59.75
3383,413,6,23.1
3384,32,10,71.35
3385,186,11,78.33
3386,331,8,27.400000000000002
3387,235,7,52.120000000000005
3389,136,13,148.4
3390,30,11,108.03999999999999
3391,10,2,28.0
3393,54,20,151.14000000000001
3394,18,7,64.66
3395,134,4,17.9
3396,231,13,116.8
3397,314,6,48.900000000000006
3398,295,11,154.3
3399,165,15,69.26
3400,302,12,72.2
3401,94,10,53.400000000000006
3402,137,21,181.52
3403,624,7,35.92
3404,24,4,27.94
3405,262,18,188.1
3406,69,6,51.2
3407,281,9,75.5
3408,56,6,16.700000000000003
3409,20,13,102.2
3410,63,14,142.24
3411,195,8,52.3
3412,339,4,7.800000000000001
3413,99,10,50.1
3414,69,13,135.0
3415,218,6,59.0
3416,46,14,203.8
3417,16,8,34.3
3418,293,4,12.4
3419,26,10,81.55
3420,307,6,60.7
3421,233,11,102.75
3422,522,2,9.8
3423,212,8,44.199999999999996
3424,137,11,61.54
3425,381,6,32.3
3426,67,8,50.800000000000004
3427,247,9,136.70000000000002
3428,290,8,71.0
3429,185,18,171.52
3430,259,16,86.8
3431,518,2,6.6000000000000005
3432,271,4,24.5
3433,91,7,94.9
3434,204,5,23.520000000000003
3435,418,10,114.6
3436,279,2,11.4
3437,332,14,167.22
3438,4,16,147.35
3439,128,11,74.9
3440,10,6,63.9
3441,263,6,38.300000000000004
3442,47,13,176.3
3443,69,8,86.9
3444,632,8,117.06
3445,91,6,46.7
3447,34,13,78.0
3448,461,2,28.2
3449,32,8,32.0
3450,7,17,131.56
3451,122,8,27.0
3452,60,8,60.0
3453,15,4,12.100000000000001
3454,14,2,11.8
3455,43,8,45.7
3456,112,13,81.5
3457,417,6,64.43
3458,140,10,43.900000000000006
3459,148,9,68.4
3460,37,16,123.5
3461,188,6,34.300000000000004
3462,46,25,191.48
3463,98,8,61.739999999999995
3464,549,4,40.2
3465,60,22,223.34
3466,387,7,20.7
3467,7,13,177.76
3468,47,11,82.2
3469,225,16,137.0
3470,88,9,102.14000000000001
3471,80,10,90.9
3472,245,12,148.8
3473,268,6,53.71999999999999
3474,128,16,167.4
3475,17,10,33.7
3476,186,15,117.68
3477,532,3,35.9
3478,273,2,5.8
3479,282,8,81.2
3480,238,12,68.8
3481,88,16,138.4
3482,519,7,15.8
3483,39,15,177.66
3484,40,23,207.32
3485,162,6,63.8
3486,8,12,74.4
3487,432,12,45.5
3488,10,7,116.65
3489,43,15,135.6
3490,175,2,4.4
3491,66,14,113.8
3493,332,8,51.1
3494,180,7,28.450000000000003
3495,43,22,217.85
3496,100,10,50.900000000000006
3497,37,23,131.0
3498,275,8,137.5
3499,241,18,196.03
3500,163,17,128.95
3501,157,4,16.6
3502,478,11,45.52
3503,32,2,4.1
3504,56,19,127.08
3505,81,15,143.2
3507,51,18,144.4
3508,138,17,144.61
3509,176,14,156.6
3510,363,2,7.3
3511,46,14,147.94
3512,44,4,45.699999999999996
3513,124,7,52.5
3514,383,4,40.0
3515,181,12,59.800000000000004
3516,18,7,64.7
3517,20,22,158.74
3518,66,16,146.35
3519,18,13,76.2
3520,52,11,64.67
3521,167,8,32.9
3522,99,10,134.2
3523,52,16,119.15
3524,396,12,89.55
3525,320,9,54.7
3526,127,10,138.63
3527,93,12,92.62
3528,135,12,51.550000000000004
3529,109,15,98.35
3530,561,6,85.14
3531,124,17,223.5
3532,219,6,42.300000000000004
3533,496,2,39.300000000000004
3534,50,6,64.3
3535,121,15,221.5
3536,636,3,20.1
3537,98,13,104.4
3538,305,6,21.3
3539,341,14,124.0
3540,301,7,22.4
3541,653,4,44.900000000000006
3542,173,4,28.9
3543,81,22,244.34
3544,271,10,82.1
3545,31,11,150.4
3546,39,8,46.199999999999996
3547,33,19,157.69
3548,203,15,98.41
3549,152,20,121.6
3550,378,8,30.6
3551,160,9,60.7
3552,120,13,113.16
3553,213,6,37.05
3554,161,8,54.699999999999996
3555,443,3,21.200000000000003
3556,92,10,89.66
3557,164,11,131.63
3558,103,17,148.0
3559,182,12,84.92
3560,93,17,155.6
3561,368,8,37.9
3562,1,18,204.76
3563,36,8,47.3
3564,180,8,40.300000000000004
3565,625,3,31.54
3566,17,4,18.6
3567,88,5,63.5
3568,75,8,22.85
3569,420,6,27.8
3570,120,11,74.7
3571,20,14,140.20000000000002
3572,175,4,100.4
3573,272,9,112.4
3574,56,14,83.9
3575,237,11,70.96000000000001
3576,595,2,10.0
3577,233,7,53.3
3578,229,6,36.96
3579,1,13,174.6
3580,37,4,17.200000000000003
3581,6,20,176.2
3582,197,19,146.61
3583,28,15,106.2
3584,14,14,183.1
3585,163,4,50.4
3586,221,8,89.2
3587,148,11,73.62
3588,16,13,110.7
3589,57,13,80.0
3590,215,14,86.53999999999999
3591,120,8,98.65
3592,17,14,83.86
3593,58,23,268.8
3594,111,4,56.8
3595,14,17,100.10000000000001
3596,255,12,86.5
3597,18,6,120.3
3598,260,4,18.5
3599,40,11,84.85
3600,35,15,119.92
3601,11,8,50.5
3602,430,5,24.5
3603,335,12,152.04000000000002
3604,227,15,119.0
3605,270,3,14.5
3606,415,2,18.9
3607,677,2,11.2
3608,34,14,158.66
3609,19,10,81.3
3610,471,4,10.600000000000001
3611,321,7,49.15
3612,95,14,65.44
3613,87,12,125.24
3614,247,10,88.1
3615,120,10,68.9
3616,421,7,60.900000000000006
3617,258,11,133.89999999999998
3618,450,4,48.1
3619,268,10,83.4
3620,196,15,116.0
3621,59,18,149.45
3622,3,10,48.4
3623,238,4,69.6
3624,598,2,14.4
3625,440,2,3.4000000000000004
3626,568,4,19.8
3627,543,4,83.30000000000001
3628,517,6,36.160000000000004
3629,262,13,170.5
3630,160,4,46.800000000000004
3631,475,2,6.8
3632,452,4,25.0
3633,2,16,184.44
3634,21,5,16.6
3635,18,21,228.33
3636,231,8,28.900000000000002
3637,9,13,115.30000000000001
3638,208,4,35.0
3639,397,9,85.4
3640,84,8,69.65
3641,4,6,32.3
3642,310,12,161.45
3643,102,15,96.59
3644,90,7,73.00000000000001
3645,19,11,73.5
3646,145,9,90.4
3647,303,5,72.2
3648,212,3,46.0
3649,193,17,177.2
3650,167,6,66.9
3651,76,21,213.56
3652,104,4,15.7
3653,52,11,112.8
3654,15,5,19.8
3655,318,5,124.6
3656,295,9,110.15
3657,93,20,253.55
3658,96,9,77.9
3659,193,8,35.96
3660,443,10,77.2
3661,34,12,91.74000000000001
3662,28,8,51.0
3663,41,19,158.5
3664,215,8,67.9
3665,99,8,73.96000000000001
3666,263,12,62.6
3667,383,9,53.6
3668,13,13,87.8
3669,324,12,108.47999999999999
3670,379,9,137.55
3671,81,10,75.86
3672,217,13,92.2
3673,126,8,76.94999999999999
3674,140,11,50.34
3675,150,11,109.5
3676,68,6,50.489999999999995
3677,31,13,137.15
3678,542,6,71.2
3679,8,21,132.39000000000001
3680,37,9,86.12
3681,78,10,85.1
3682,80,19,158.98
3683,26,14,123.12
3684,140,13,161.3
3685,127,10,128.95
3686,124,9,90.4
3687,9,19,136.09
3688,69,15,143.66
3689,155,10,120.10000000000001
3690,224,12,62.4
3691,129,23,227.36
3692,74,12,149.10000000000002
3693,45,8,96.5
3694,14,11,50.099999999999994
3695,175,8,33.4
3696,424,5,55.1
3697,89,11,57.93
3698,123,11,67.45
3699,19,9,119.8
3700,256,3,8.4
3701,248,12,147.68
3703,198,12,83.5
3704,94,12,82.1
3705,115,11,62.800000000000004
3706,409,2,15.3
3707,188,4,27.75
3708,119,7,25.2
3709,66,21,191.84
3710,131,8,31.3
3711,176,4,26.85
3712,11,8,38.82
3713,334,8,93.60000000000001
3714,572,4,7.65
3715,234,7,18.700000000000003
3716,51,9,70.4
3717,215,10,70.1
3718,74,18,140.4
3719,14,19,113.1
3720,217,8,33.9
3721,180,10,104.02000000000001
3722,517,6,28.2
3723,292,2,3.9
3724,20,6,76.8
3725,467,4,33.9
3726,219,6,49.5
3727,226,13,143.8
3728,49,13,102.35000000000001
3729,32,8,49.940000000000005
3730,157,8,71.25
3731,424,9,60.22
3732,25,21,209.02
3733,513,4,12.0
3734,117,5,21.0
3735,33,9,80.7
3736,34,12,72.1
3737,19,33,229.58
3738,1,10,35.2
3739,147,7,25.6
3740,591,2,65.2
3741,40,16,139.1
3742,131,4,60.86000000000001
3743,239,17,132.5
3744,23,12,89.30000000000001
3745,127,13,96.44
3746,52,13,112.9
3747,310,5,32.6
3748,79,11,87.7
3749,297,9,134.98
3750,228,6,56.1
3751,364,9,99.5
3752,132,27,222.36
3753,368,6,36.5
3754,343,6,61.3
3755,94,6,43.9
3756,29,10,80.7
3757,190,18,88.55
3758,118,14,105.0
3759,114,9,48.02
3760,39,15,64.76
3761,96,21,245.1
3762,133,11,71.4
3763,187,13,189.89999999999998
3764,51,12,70.8
3765,202,9,88.4
3766,53,9,160.12
3767,208,9,43.5
3768,85,16,239.91
3769,307,11,125.15
3770,352,3,55.400000000000006
3771,375,2,7.3
3772,95,8,58.72
3773,34,8,87.6
3774,14,12,144.7
3775,65,15,86.0
3776,166,17,214.9
3777,673,2,7.9
3778,28,12,89.9
3779,51,15,161.05
3780,675,2,3.7
3781,99,7,55.3
3782,331,18,135.34
3783,192,23,148.0
3784,200,9,63.5
3785,502,9,115.19999999999999
3786,234,13,119.90000000000002
3787,98,9,53.95
3788,318,2,25.799999999999997
3789,80,11,97.92
3790,64,13,104.10000000000001
3791,281,4,31.200000000000003
3792,519,4,35.1
3793,146,18,107.42
3794,35,11,122.4
3795,348,8,44.3
3796,208,2,9.0
3797,106,15,94.8
3798,118,6,67.36
3799,416,6,91.80000000000001
3800,326,6,35.800000000000004
3801,69,9,45.4
3802,77,4,64.4
3803,8,19,142.05
3804,193,9,116.32
3805,469,6,31.099999999999998
3806,125,7,86.6
3807,66,6,49.5
3808,135,10,76.0
3809,282,9,139.9
3810,238,6,53.400000000000006
3811,190,21,79.60000000000001
3812,48,20,150.65
3813,347,5,54.1
3814,163,13,121.64
3815,107,9,52.6
3816,13,9,57.699999999999996
3817,367,14,112.0
3818,14,15,120.2
3819,186,10,138.8
3820,523,6,32.5
3821,362,17,171.1
3822,97,19,221.47000000000003
3823,386,2,7.9
3824,322,2,5.4
3825,703,2,29.14
3826,613,2,27.240000000000002
3827,58,17,169.73000000000002
3828,199,9,49.4
3829,151,9,140.6
3830,74,23,214.05
3831,78,12,75.55
3832,167,15,170.96
3834,592,5,17.76
3835,106,21,120.05
3836,25,6,24.700000000000003
3837,233,5,63.599999999999994
3838,17,6,59.1
3839,474,9,75.0
3840,156,10,57.22
3841,165,17,136.38000000000002
3842,78,9,96.6
3843,75,9,131.8
3844,105,16,136.6
3845,103,2,17.4
3846,337,12,99.97
3847,28,11,158.1
3848,43,14,87.12
3849,381,12,89.01
3850,119,8,81.5
3851,235,8,59.900000000000006
3852,274,7,30.1
3853,180,6,75.69999999999999
3854,287,8,39.22
3855,29,18,193.5
3856,273,13,154.6
3857,57,14,87.4
3858,279,2,4.0
3859,92,4,58.300000000000004
3860,240,7,51.27
3861,177,9,57.85
3862,43,21,168.55
3863,201,14,122.92
3864,19,15,110.50000000000001
3866,177,10,75.7
3867,115,8,78.88000000000001
3868,134,5,82.35
3869,152,8,62.4
3870,285,6,28.200000000000003
3871,153,7,34.1
3872,38,30,301.33
3874,530,2,7.800000000000001
3876,89,6,33.5
3877,105,16,187.4
3878,156,16,133.0
3879,28,18,220.45000000000002
3881,268,14,139.55
3882,73,12,94.85
3883,87,4,19.5
3884,268,5,69.8
3885,77,5,32.400000000000006
3886,43,10,50.0
3887,463,3,18.44
3888,18,4,38.42
3889,373,5,13.8
3890,66,9,31.1
3891,39,13,119.49000000000001
3892,164,5,46.0
3893,260,11,56.34
3894,18,12,92.9
3895,565,10,63.45
3896,112,11,55.6
3897,130,13,52.5
3898,132,9,156.0
3899,7,16,80.2
3900,11,14,122.64
3901,396,4,34.7
3902,32,7,80.39999999999999
3903,86,19,125.4
3904,234,8,137.0
3905,195,16,74.59
3906,198,4,21.6
3907,67,9,90.1
3908,174,4,32.3
3909,325,16,180.86
3910,13,14,125.14
3911,130,16,122.04
3912,359,7,60.6
3913,285,12,90.42
3914,357,6,33.82
3915,92,31,192.63
3916,88,6,49.5
3917,109,13,102.14
3918,192,13,232.92000000000002
3919,85,10,99.2
3920,235,11,170.9
3921,420,8,60.4
3922,125,18,201.75
3923,338,8,48.74
3924,63,14,85.4
3925,281,8,63.72
3926,133,18,159.42000000000002
3927,22,9,61.5
3928,96,10,72.12
3929,55,9,37.74
3930,172,8,76.0
3931,298,13,118.1
3932,603,2,12.1
3933,394,4,19.62
3934,244,11,63.36
3935,182,8,86.2
3936,512,4,57.14999999999999
3937,42,10,101.1
3938,153,16,189.62
3939,324,5,48.89
3940,297,4,48.2
3941,416,3,52.34
3942,51,23,134.61
3943,637,2,12.3
3944,362,3,9.4
3945,88,6,31.400000000000002
3946,42,13,201.7
3947,201,10,119.0
3948,199,15,147.02
3949,274,2,2.1
3950,26,15,200.0
3952,62,9,62.16
3953,232,9,66.3
3954,324,7,126.5
3955,38,6,35.400000000000006
3956,377,16,154.44
3957,230,24,248.11
3958,57,6,21.6
3959,87,14,162.5
3960,71,23,211.9
3961,7,10,61.900000000000006
3962,102,14,119.65
3963,105,14,134.25
3964,660,5,32.7
3965,366,8,45.15
3966,213,11,45.52
3967,38,16,119.99
3968,49,5,16.4
3969,301,5,51.8
3970,424,2,17.200000000000003
3971,1,15,171.03
3972,206,14,95.0
3973,120,16,205.89999999999998
3974,195,6,35.7
3975,307,4,55.8
3976,102,13,99.88
3977,259,6,42.4
3978,161,5,65.9
3979,106,4,50.99999999999999
3980,106,11,48.300000000000004
3981,6,4,13.7
3982,93,15,82.78999999999999
3983,113,11,191.10000000000002
3984,331,6,63.400000000000006
3985,69,15,69.60000000000001
3986,43,12,69.6
3987,134,11,61.05
3989,439,6,48.1
3990,594,2,3.7
3991,546,2,20.16
3992,411,4,31.749999999999996
3993,316,3,13.899999999999999
3994,394,2,15.700000000000001
3995,188,4,13.0
3996,122,6,93.4
3997,80,10,106.9
3998,17,17,110.80000000000001
3999,45,13,75.2
4001,193,8,41.7
4002,119,14,151.55
4003,8,9,69.04
4004,235,10,76.8
4005,597,4,24.5
4006,13,12,132.81
4007,8,12,87.5
4008,226,9,92.62
4009,170,11,57.6
4010,2,6,19.400000000000002
4011,490,2,11.0
4012,229,14,100.60000000000001
4013,288,9,70.38
4014,46,8,38.66
4015,279,17,108.04
4016,254,6,60.400000000000006
4017,57,8,47.300000000000004
4018,44,17,152.1
4019,125,17,119.9
4020,264,5,39.400000000000006
4021,426,6,41.800000000000004
4022,153,8,86.0
4023,344,2,3.4000000000000004
4024,76,14,142.9
4025,57,12,73.82
4027,185,4,25.8
4028,176,10,156.5
4029,430,2,3.2
4030,9,20,145.05
4031,74,7,23.0
4032,143,4,16.6
4033,208,6,33.7
4034,48,6,44.7
4035,150,13,63.6
4036,219,12,94.35
4037,2,10,76.9
4038,55,14,91.60000000000001
4039,4,12,88.2
4040,272,11,87.3
4041,76,11,73.9
4042,14,16,102.35
4043,344,2,12.6
4044,30,10,148.4
4045,9,11,149.9
4046,367,9,42.42
4047,300,4,32.44
4048,237,9,44.75
4049,152,12,174.9
4050,178,9,93.5
4051,337,6,37.1
4052,254,5,24.82
4053,284,6,59.50000000000001
4054,239,5,91.2
4055,646,3,47.4
4056,72,16,134.45
4058,1,7,78.99000000000001
4059,238,9,92.7
4060,20,7,101.9
4061,236,6,66.80000000000001
4062,399,2,4.6
4063,49,9,37.800000000000004
4064,105,6,83.9
4065,177,13,58.040000000000006
4066,394,8,75.9
4067,76,6,80.4
4068,20,12,97.30000000000001
4069,242,11,45.7
4070,157,6,43.1
4071,77,9,115.26
4072,139,2,9.4
4073,59,14,124.2
4074,112,9,70.2
4075,360,8,66.0
4076,223,12,84.6
4077,149,14,110.7
4078,47,16,253.12
4079,102,6,37.0
4080,181,8,54.900000000000006
4081,72,6,31.44
4082,244,11,135.7
4083,503,2,40.9
4084,58,11,89.8
4085,93,10,50.1
4086,411,13,176.95000000000002
4087,127,5,35.3
4088,99,10,69.23
4089,88,6,56.650000000000006
4090,308,6,44.120000000000005
4091,3,14,118.94999999999999
4092,92,10,137.5
4093,479,4,22.3
4094,276,10,48.1
4095,2,6,128.89999999999998
4096,185,10,173.0
4097,33,14,77.8
4098,328,11,90.10000000000001
4099,338,5,8.5
4100,253,8,65.35
4101,245,8,98.3
4102,58,19,289.4
4103,158,9,68.5
4104,31,16,132.35
4105,28,10,96.5
4106,128,13,89.8
4107,46,12,126.65
4108,95,14,135.35
4109,88,13,87.95
4110,33,16,124.94999999999999
4112,248,18,170.0
4113,140,12,86.2
4114,146,10,72.1
4115,223,11,52.22
4116,244,8,60.0
4117,21,15,124.64
4118,7,2,19.4
4119,236,9,91.8
4120,20,11,108.6
4121,60,15,76.52000000000001
4122,69,9,70.25
4123,17,4,24.0
4124,113,17,130.05
4125,200,11,57.6
4126,420,7,82.4
4127,49,11,89.35000000000001
4129,54,17,129.64000000000001
4130,55,16,180.2
4131,277,11,136.8
4132,394,9,56.16
4133,157,13,79.8
4134,33,14,104.95
4135,599,4,19.4
4136,142,6,28.599999999999998
4137,5,26,254.04000000000002
4138,82,12,133.39000000000001
4139,35,6,36.9
4140,679,6,50.2
4141,49,3,25.1
4142,44,2,4.9
4143,664,4,24.700000000000003
4144,55,8,78.8
4145,264,6,31.840000000000003
4146,325,15,85.9
4147,106,12,119.1
4148,266,12,83.05000000000001
4149,286,9,52.8
4150,127,12,113.69999999999999
4151,59,2,7.2
4152,196,16,115.0
4153,157,22,163.0
4154,182,8,80.0
4155,98,17,157.5
4156,150,13,131.64
4157,361,6,61.7
4158,5,4,16.85
4159,3,6,66.19999999999999
4160,141,13,126.92
4161,98,5,57.6
4162,9,14,114.0
4163,215,15,130.5
4164,462,10,127.05000000000001
4165,135,20,163.14999999999998
4166,55,14,58.260000000000005
4167,116,6,38.75
4168,393,4,39.7
4169,37,15,128.20000000000002
4170,173,15,119.65
4171,211,8,47.9
4172,84,9,50.15
4173,234,4,56.20000000000001
4174,439,4,37.5
4175,336,7,101.80000000000001
4176,240,7,37.66
4177,199,10,70.30000000000001
4178,48,20,113.15
4179,285,9,121.1
4180,50,13,92.11
4181,480,3,20.0
4182,132,14,126.1
4183,350,17,70.39
4184,16,8,22.5
4185,349,6,47.0
4186,67,3,25.3
4187,64,21,189.73
4188,498,2,6.720000000000001
4189,111,6,27.099999999999998
4190,4,21,120.49000000000001
4191,58,13,122.8
4192,15,15,68.7
4193,123,8,62.54
4194,234,14,127.20000000000002
4195,91,10,74.76
4196,54,10,39.9
4197,58,17,183.1
4198,288,5,57.9
4199,2,11,76.94
4200,556,3,53.760000000000005
4201,78,12,101.65
4202,29,13,138.4
4204,76,10,89.84
4205,312,4,51.5
4206,385,15,90.95
4207,125,15,105.55
4208,696,2,18.0
4209,520,4,35.8
4210,146,4,50.44
4211,471,12,130.0
4212,244,11,79.75
4213,130,8,111.9
4214,85,13,94.6
4215,184,18,150.70000000000002
4216,247,11,48.9
4217,13,25,104.25
4218,89,12,191.35000000000002
4219,76,8,57.5
4220,40,16,165.5
4221,307,8,83.96
4222,4,13,135.99
4223,85,17,124.2
4224,25,12,109.60000000000001
4225,237,6,24.4
4226,25,9,89.45
4227,133,7,106.10000000000001
4228,257,13,83.36
4229,133,8,48.8
4230,56,9,97.6
4231,354,5,68.9
4232,12,12,94.45
4233,198,11,83.3
4234,151,20,237.40000000000003
4235,12,19,211.84
4236,36,14,193.4
4237,590,2,24.700000000000003
4238,19,8,65.5
4239,323,4,101.80000000000001
4240,27,15,76.17
4241,455,6,27.1
4242,22,7,27.76
4243,131,16,213.34
4244,61,10,62.7
4245,210,9,54.6
4246,30,8,71.30000000000001
4247,728,2,5.6000000000000005
4248,448,2,11.7
4249,27,11,87.28
4250,432,4,39.76
4251,10,22,167.39000000000001
4252,265,9,131.16
4254,139,6,58.419999999999995
4255,120,11,99.36
4256,591,6,59.2
4257,132,13,191.75
4258,20,13,130.7
4259,190,12,46.370000000000005
4260,45,12,64.2
4261,318,12,157.25
4262,76,17,137.1
4264,234,9,60.9
4265,19,10,49.9
4266,153,19,130.5
4267,82,14,143.70000000000002
4268,250,12,75.75
4269,274,10,99.7
4270,326,6,44.72
4271,377,5,52.04
4272,208,27,244.0
4273,200,8,49.1
4274,92,12,103.6
4275,111,15,144.6
4277,25,23,129.66
4278,546,4,43.8
4279,703,2,16.9
4280,25,15,241.6
4281,74,13,108.96
4282,191,4,41.2
4283,559,7,91.89999999999999
4284,78,10,62.3
4285,2,8,60.65
4286,110,13,79.80000000000001
4287,147,6,39.5
4288,48,12,131.0
4289,84,9,115.3
4290,483,7,42.85
4291,22,16,89.36
4292,26,20,189.7
4293,92,22,265.7
4294,28,14,66.60000000000001
4295,66,11,98.69999999999999
4296,127,10,86.4
4297,65,23,145.52
4298,159,9,51.85
4299,139,15,135.69
4300,271,8,42.6
4301,11,15,138.26
4302,56,20,254.7
4303,6,25,245.36
4304,320,8,50.36
4305,160,15,117.66
4306,3,12,81.15
4307,544,2,21.96
4308,26,19,92.12
4309,107,4,11.7
4310,307,7,68.7
4311,390,5,39.8
4312,17,17,151.06
4313,156,10,97.42
4314,243,17,76.9
4315,249,7,25.200000000000003
4316,354,20,186.46
4317,644,4,37.1
4318,490,6,39.949999999999996
4319,53,14,77.56
4320,20,15,79.8
4321,65,18,159.6
4322,28,11,77.7
4323,14,12,111.7
4324,360,14,161.2
4325,78,9,142.70000000000002
4326,55,12,111.36
4327,249,5,32.76
4328,124,12,236.0
4329,434,7,43.75
4330,192,18,188.9
4331,112,6,50.0
4332,37,4,30.25
4333,183,2,22.8
4334,51,15,78.05000000000001
4335,26,17,135.32000000000002
4336,82,15,122.5
4337,66,9,129.34
4338,81,28,239.75
4339,406,6,43.760000000000005
4340,6,13,128.5
4341,431,7,53.230000000000004
4342,288,10,49.3
4343,10,7,55.78
4344,239,9,87.8
4345,337,6,93.06
4347,299,4,22.5
4348,264,12,65.0
4349,292,8,51.1
4351,132,13,184.4
4352,2,13,114.75
4353,129,17,176.2
4354,349,4,34.7
4355,40,9,50.0
4356,30,9,134.5
4357,82,9,72.80000000000001
4358,55,6,107.3
4359,98,9,60.85
4360,311,6,66.25
4361,117,8,46.25
4362,173,15,123.55000000000001
4363,183,6,76.9
4364,7,22,157.05
4365,314,4,10.100000000000001
4366,140,2,5.700000000000001
4367,46,12,81.31
4368,80,8,36.4
4369,128,10,58.3
4370,573,8,64.35000000000001
4371,193,9,75.45
4372,154,16,76.65
4373,141,7,104.60000000000001
4374,468,4,47.7
4375,87,12,82.6
4376,39,26,160.32
4377,311,11,58.5
4378,241,4,14.5
4379,91,4,17.6
4380,58,11,175.9
4381,92,6,64.3
4382,48,4,85.8
4383,394,4,23.7
4384,100,14,99.6
4385,44,5,53.38
4386,114,2,4.5
4387,106,17,115.2
4388,286,14,146.25
4389,14,17,231.44
4390,345,5,63.400000000000006
4391,280,14,143.84
4392,33,13,88.82
4393,37,5,51.4
4394,413,9,79.9
4395,189,8,98.5
4396,202,4,82.22
4397,187,11,43.84
4398,52,10,81.9
4400,20,6,33.019999999999996
4401,448,9,40.2
4402,448,5,97.9
4403,102,12,67.05
4404,447,7,63.599999999999994
4405,162,10,72.7
4406,218,17,91.42
4407,315,6,41.85
4408,255,9,45.92
4409,350,7,27.34
4410,80,11,61.55
4411,162,6,76.8
4412,11,13,171.56
4413,81,7,49.5
4414,342,7,69.26
4415,338,8,44.2
4416,8,16,72.3
4417,227,15,217.2
4418,88,8,134.6
4419,8,2,4.6
4420,309,6,54.2
4422,438,6,53.32000000000001
4423,674,2,11.4
4424,76,8,143.64999999999998
4425,75,2,23.699999999999996
4426,208,15,114.5
4427,334,12,128.7
4428,130,6,39.7
4429,163,3,23.5
4430,29,14,170.7
4431,45,14,72.8
4432,97,10,73.1
4433,220,17,165.2
4434,101,15,235.10999999999999
4435,390,8,15.700000000000001
4436,8,2,24.1
4437,32,23,285.6
4439,132,8,54.3
4440,30,12,118.2
4441,52,16,133.3
4442,33,14,143.70000000000002
4443,416,7,56.5
4444,86,15,110.80000000000001
4445,30,15,141.2
4447,244,2,6.8
4448,359,12,121.7
4449,276,10,78.0
4450,154,7,60.800000000000004
4451,403,2,18.9
4452,38,4,44.6
4453,130,18,158.60000000000002
4454,8,3,14.1
4455,5,16,105.66
4456,145,17,91.55
4457,119,10,63.8
4458,650,6,38.2
4459,13,12,76.1
4460,172,8,49.15
4461,321,9,81.0
4462,207,12,46.9
4463,58,10,111.3
4464,71,17,89.60000000000001
4465,367,4,51.6
4466,119,10,57.6
4467,39,11,95.4
4468,199,17,156.1
4469,74,7,111.2
4470,8,14,117.0
4471,306,9,81.0
4472,446,2,9.0
4473,115,14,177.5
4474,21,11,72.5
4475,272,5,62.10000000000001
4477,319,7,58.95000000000001
4478,27,9,72.05
4479,324,9,29.1
4480,567,5,46.06
4481,468,4,30.5
4482,31,11,98.2
4483,138,4,21.53
4484,34,6,41.92
4485,159,12,128.55
4486,29,26,206.66
4487,164,19,194.7
4488,380,6,44.0
4489,42,8,67.94
4490,709,4,17.6
4491,469,2,17.1
4492,200,9,85.0
4493,63,10,52.5
4494,59,21,277.9
4495,15,23,160.55
4496,342,2,13.0
4497,207,4,21.200000000000003
4498,256,11,88.2
4499,63,15,203.26
4500,206,10,75.60000000000001
4501,199,13,73.22
4502,39,9,42.04
4503,12,11,130.3
4504,118,14,76.3
4505,258,13,118.75
4506,142,2,8.7
4507,138,6,59.7
4508,85,13,61.4
4509,32,20,290.74
4510,119,17,189.76000000000002
4511,185,7,70.7
4512,10,15,193.20000000000002
4513,57,5,53.489999999999995
4514,532,2,14.6
4515,199,19,128.5
4516,24,7,45.2
4517,431,2,26.0
4518,164,5,32.8
4519,58,5,101.60000000000001
4520,648,6,21.0
4521,107,2,10.0
4522,227,8,21.900000000000002
4523,64,12,203.95
4524,5,22,153.0
4525,85,15,129.4
4526,129,20,153.76
4527,74,11,76.5
4528,79,4,15.4
4529,221,10,71.36
4530,110,4,10.6
4531,76,17,109.07000000000001
4532,32,6,65.1
4533,224,6,32.400000000000006
4534,442,4,37.5
4535,26,7,23.4
4536,109,11,80.0
4537,11,13,116.5
4538,33,8,84.8
4539,297,9,47.3
4540,72,12,179.76000000000002
4541,257,10,140.4
4542,347,6,47.699999999999996
4543,69,6,83.5
4544,344,12,65.65
4546,119,11,127.7
4547,347,7,59.1
4548,154,15,150.7
4550,52,16,135.1
4551,156,4,38.400000000000006
4552,75,8,28.5
4553,201,7,44.7
4554,126,9,102.60000000000001
4555,54,14,77.7
4556,136,9,118.19999999999999
4557,73,8,143.0
4558,270,6,73.9
4559,233,10,54.2
4560,181,4,23.2
4561,483,9,66.4
4562,420,4,11.4
4563,187,12,116.80000000000001
4564,57,17,142.26000000000002
4565,1,2,2.2
4566,123,13,153.96
4567,90,12,134.0
4569,157,12,125.14
4570,131,6,32.5
4571,270,6,59.5
4572,63,18,134.8
4573,8,16,112.5
4574,31,21,135.9
4575,21,8,31.740000000000002
4576,105,14,159.4
4577,57,6,86.25
4578,479,9,62.44
4579,63,16,111.15
4580,32,8,124.02
4581,272,6,34.0
4582,48,9,63.7
4583,311,10,62.050000000000004
4584,29,10,174.3
4585,94,21,156.55
4586,461,7,59.1
4587,587,2,17.6
4588,53,21,176.2
4589,23,16,179.9
4590,499,2,9.600000000000001
4591,201,9,68.0
4592,23,16,142.9
4593,135,10,59.0
4594,191,18,160.6
4595,146,4,28.1
4596,209,10,92.0
4597,171,6,61.900000000000006
4598,43,18,114.7
4599,617,4,49.4
4600,170,11,98.65
4601,16,15,166.65
4602,127,3,63.5
4603,344,10,85.12
4604,22,4,62.300000000000004
4605,69,6,49.900000000000006
4606,230,13,109.2
4607,16,8,66.6
4608,36,12,114.00000000000001
4609,54,4,71.0
4610,165,12,97.05000000000001
4611,126,5,28.3
4612,245,4,23.1
4613,228,12,82.82000000000001
4614,68,10,36.6
4615,428,5,53.300000000000004
4616,137,13,72.2
4617,402,9,87.3
4618,15,12,108.5
4619,198,5,56.1
4620,295,9,60.36
4621,643,2,23.700000000000003
4622,476,8,60.940000000000005
4623,176,14,121.4
4624,34,22,260.94
4625,268,5,30.5
4626,7,7,44.7
4627,13,4,108.5
4628,21,20,262.40000000000003
4629,45,10,61.42
4630,550,2,15.700000000000001
4631,674,2,6.8
4632,88,10,80.0
4633,136,14,133.8
4634,230,9,106.6
4635,76,8,35.5
4636,265,17,213.55
4637,231,11,128.9
4638,423,8,81.52
4639,404,2,28.6
4640,97,9,37.69
4641,32,10,89.30000000000001
4642,28,4,19.57
4643,29,16,122.14999999999999
4644,128,6,47.4
4645,2,20,101.9
4646,153,12,98.14000000000001
4647,317,4,42.4
4648,84,9,73.1
4649,452,11,53.86
4650,382,11,71.32
4651,193,8,48.7
4652,267,13,114.3
4653,417,4,13.4
4654,473,7,65.06
4655,151,10,54.5
4656,6,21,200.3
4657,138,20,166.79999999999998
4658,170,8,21.9
4659,370,8,76.6
4660,174,8,104.7
4661,235,17,139.1
4662,44,16,83.74
4663,622,6,36.65
4664,219,8,59.599999999999994
4665,308,8,59.41999999999999
4666,29,20,210.57
4667,128,17,159.0
4668,333,6,43.2
4669,189,10,116.48
4670,81,7,32.900000000000006
4671,152,22,182.45000000000002
4672,56,7,68.60000000000001
4673,386,7,107.4
4674,579,6,31.200000000000003
4675,61,10,70.6
4676,350,13,98.6
4677,77,7,38.199999999999996
4678,14,12,94.2
4679,51,22,277.18
4680,126,9,107.39
4681,111,14,143.62
4682,228,6,34.2
4683,99,21,247.8
4684,405,10,67.1
4685,57,15,145.5
4686,49,13,68.3
4687,99,10,63.6
4688,90,16,95.60000000000001
4689,115,7,20.900000000000002
4690,376,9,81.70000000000002
4691,80,8,97.25999999999999
4692,65,15,129.0
4693,135,18,105.39
4694,43,20,152.54000000000002
4695,79,26,225.41
4696,135,7,37.2
4697,111,12,69.32000000000001
4698,67,8,106.20000000000002
4699,152,18,162.93
4700,187,16,98.45
4701,245,8,37.95
4702,53,7,48.39
4703,437,2,8.200000000000001
4704,132,11,106.60000000000001
4705,223,10,55.8
4706,38,6,73.9
4707,323,4,10.700000000000001
4708,90,14,157.8
4709,510,6,55.300000000000004
4710,236,9,87.9
4711,105,8,53.55
4712,382,10,107.89999999999999
4713,337,6,46.8
4714,123,4,28.4
4715,386,12,96.30000000000001
4716,305,4,64.6
4717,229,15,97.72
4718,118,13,125.49000000000001
4719,3,16,124.1
4720,312,13,113.4
4721,178,19,156.9
4722,15,10,117.9
4723,223,6,64.0
4724,119,4,38.900000000000006
4725,29,10,72.22
4726,176,8,62.4
4727,40,10,39.5
4728,116,10,74.49000000000001
4729,267,6,28.740000000000002
4730,400,4,15.600000000000001
4731,271,6,46.6
4732,393,2,66.2
4733,297,9,73.14
4734,39,11,148.3
4735,274,12,162.1
4736,163,11,122.60000000000001
4737,103,2,18.0
4738,138,6,46.5
4739,392,4,13.200000000000001
4740,90,10,78.7
4741,97,17,113.0
4742,46,15,179.1
4743,180,13,118.64
4744,64,15,61.400000000000006
4745,7,17,155.98000000000002
4746,22,14,137.79999999999998
4747,129,16,175.42000000000002
4748,16,12,66.2
4749,319,9,82.75
4750,101,11,94.52000000000001
4751,42,6,50.800000000000004
4752,227,8,55.45
4753,53,23,301.1
4755,4,3,9.9
4756,104,14,198.5
4757,198,13,103.0
4758,390,9,39.7
4759,314,12,154.35
4760,273,18,122.7
4761,114,12,81.55
4762,62,13,73.98
4763,64,8,36.800000000000004
4764,95,8,53.95
4765,179,8,97.35
4766,93,17,119.26
4768,293,4,57.00000000000001
4769,102,12,107.85
4770,595,7,63.5
4771,370,7,53.2
4772,377,10,81.85
4773,52,18,149.5
4774,168,4,44.5
4775,642,3,17.6
4776,67,17,125.7
4778,129,15,146.4
4779,52,16,117.9
4780,103,20,127.22
4781,39,6,67.1
4782,137,10,88.05000000000001
4783,70,21,190.16
4784,111,5,114.0
4785,109,12,109.42
4786,396,7,76.1
4787,141,12,117.9
4788,247,13,152.02
4789,111,11,207.05
4790,138,11,53.39
4791,672,4,24.4
4792,164,4,18.7
4793,37,10,107.4
4794,65,11,68.8
4795,154,2,13.5
4796,128,14,95.6
4797,180,11,141.6
4798,40,8,45.84
4799,253,19,171.85
4800,7,15,205.6
4801,149,5,29.199999999999996
4802,508,2,30.0
4803,366,6,19.0
4804,4,17,167.54
4805,79,4,12.0
4806,37,11,87.0
4807,196,13,144.0
4808,133,11,91.08
4809,94,12,99.26
4810,138,4,37.4
4811,59,7,32.9
4812,218,15,105.30000000000001
4813,149,7,73.9
4814,109,15,112.5
4815,706,2,47.9
4816,153,2,3.2
4817,11,12,102.0
4818,286,8,43.5
4819,91,12,71.05
4820,24,18,133.8
4821,33,14,97.59
4822,180,12,50.8
4823,471,8,67.46
4824,560,2,11.600000000000001
4825,46,14,160.0
4826,199,13,180.3
4827,34,14,108.7
4828,81,24,205.01
4829,58,5,27.4
4830,373,8,36.7
4831,48,28,263.65
4832,28,13,140.02
4833,296,7,57.949999999999996
4834,248,2,7.8
4835,22,14,80.84
4836,48,19,242.0
4837,29,10,86.8
4838,334,8,75.3
4839,12,8,45.34
4840,209,10,79.4
4841,14,11,46.9
4842,23,12,79.89
4843,232,11,104.85
4844,311,2,23.400000000000002
4845,80,8,102.2
4846,392,5,15.0
4847,331,9,46.42
4848,78,6,48.5
4849,228,7,48.64
4850,169,4,41.9
4851,11,14,145.2
4852,132,20,108.80000000000001
4853,88,12,123.6
4854,373,8,44.35
4855,244,10,108.8
4856,347,8,51.85
4857,156,4,35.099999999999994
4858,319,6,50.6
4859,113,8,112.0
4860,412,14,72.16
4861,109,6,34.400000000000006
4862,230,12,95.3
4863,1,4,36.1
4864,27,25,150.58
4865,409,5,71.5
4866,132,6,27.1
4867,63,11,180.0
4868,243,13,51.7
4869,272,10,82.3
4870,548,6,24.400000000000002
4871,46,7,100.12
4872,433,12,111.62
4873,119,8,69.2
4874,8,5,43.95
4875,66,29,249.6
4876,313,8,61.9
4877,55,21,147.41
4878,101,7,71.8
4879,80,9,99.15
4880,476,6,127.1
4881,156,8,59.940000000000005
4882,61,4,36.6
4883,125,10,99.52
4884,700,2,26.3
4885,76,2,16.4
4886,339,10,121.31
4887,414,6,47.9
4888,321,6,39.550000000000004
4889,331,3,6.4
4890,108,12,93.6
4891,86,13,111.10000000000001
4892,262,12,96.2
4893,305,8,109.9
4894,8,8,81.0
4895,115,11,42.6
4896,68,8,71.3
4897,401,8,79.6
4898,158,6,57.2
4899,293,10,74.9
4900,456,4,26.1
4901,320,8,70.0
4902,259,6,25.000000000000004
4903,23,8,48.1
4904,390,2,14.5
4905,36,2,33.2
4906,92,11,107.34
4907,254,5,29.7
4908,225,7,74.19
4909,66,6,55.7
4910,36,6,74.9
4911,358,10,50.75
4913,152,7,31.4
4914,32,10,98.76
4915,104,16,88.4
4916,305,13,141.5
4917,394,6,45.4
4918,338,5,17.7
4919,276,8,58.900000000000006
4920,313,4,19.0
4922,14,10,106.0
4923,99,13,93.07
4924,108,14,87.4
4925,378,11,87.89
4926,406,2,2.9
4927,73,5,29.200000000000003
4928,135,3,68.4
4929,157,14,86.95
4930,505,3,18.7
4931,241,14,68.1
4932,41,14,95.9
4933,307,21,113.05
4934,61,8,37.0
4935,273,8,62.39999999999999
4936,291,4,31.1
4937,186,16,172.04
4938,21,16,124.87
4939,78,17,111.5
4940,132,8,82.75
4941,320,26,194.04000000000002
4942,38,10,98.10000000000001
4943,156,6,34.1
4944,89,9,53.05
4945,151,2,12.000000000000002
4946,57,18,162.5
4947,43,14,154.25
4948,587,4,27.6
4949,135,2,15.2
4950,253,9,52.72
4951,37,13,137.6
4952,70,15,172.5
4953,82,16,144.9
4954,98,8,60.00000000000001
4955,386,6,39.800000000000004
4956,406,8,45.3
4957,516,6,63.4
4958,173,13,189.70000000000002
4959,184,12,98.10000000000001
4960,134,9,36.0
4961,424,2,16.200000000000003
4962,277,11,118.8
4963,367,8,69.1
4964,31,4,23.150000000000002
4965,81,4,59.9
4966,340,6,55.6
4967,99,12,151.4
4968,48,7,121.2
4969,219,13,94.36
4970,145,7,70.5
4971,228,6,41.4
4972,328,13,138.7
4973,582,3,16.400000000000002
4974,421,4,34.24
4975,59,13,110.7
4976,167,7,88.4
4977,133,9,72.85000000000001
4978,712,2,42.6
4979,251,7,28.6
4980,493,2,20.75
4981,355,10,101.60000000000001
4982,152,3,9.600000000000001
4983,383,6,29.220000000000002
4984,249,7,22.150000000000002
4985,5,8,25.97
4986,333,12,86.95
4987,358,7,26.4
4988,11,18,135.4
4989,195,10,86.2
4990,17,8,99.4
4991,374,10,61.34
4992,194,11,133.9
4993,325,10,96.78
4994,326,2,13.5
4995,577,4,29.0
4996,37,10,28.5
4997,4,6,93.0
4998,78,2,33.0
4999,5,16,164.86
5000,324,7,21.8
